id,prop,cls,choice,correct
2,80,chair,chair,1
2,80,bowl,cup,0
2,30,person,person,1
2,60,piano,piano,1
2,40,airplane,airplane,1
2,40,lamp,lamp,1
2,100,chair,chair,1
2,80,table,table,1
2,30,chair,chair,1
2,60,lamp,lamp,1
2,40,bowl,bowl,1
2,100,lamp,lamp,1
2,50,person,person,1
2,40,cup,cup,1
2,80,cup,cup,1
2,60,cup,cup,1
2,50,cup,cup,1
2,20,piano,stool,0
2,30,piano,table,0
2,50,piano,piano,1
2,80,bottle,bottle,1
2,20,chair,chair,1
2,20,person,person,1
2,30,bottle,bottle,1
2,50,bowl,bowl,1
2,30,lamp,lamp,1
2,100,cup,cup,1
2,60,bowl,bowl,1
2,80,lamp,lamp,1
2,50,bottle,bottle,1
2,80,airplane,airplane,1
2,60,person,person,1
2,60,stool,lamp,0
2,20,stool,chair,0
2,20,table,table,1
2,100,bottle,bottle,1
2,30,cup,cup,1
2,100,airplane,airplane,1
2,100,bowl,bowl,1
2,50,lamp,lamp,1
2,80,stool,stool,1
2,20,lamp,lamp,1
2,40,table,table,1
2,30,bowl,bowl,1
2,40,chair,chair,1
2,100,piano,piano,1
2,60,airplane,airplane,1
2,40,stool,chair,0
2,100,table,table,1
2,50,airplane,airplane,1
2,50,stool,stool,1
2,60,bottle,bottle,1
2,40,bottle,cup,0
2,30,stool,stool,1
2,60,chair,cup,0
2,50,chair,chair,1
2,100,stool,stool,1
2,20,bottle,bottle,1
2,20,cup,cup,1
2,50,table,table,1
2,30,table,table,1
2,20,bowl,bowl,1
2,40,piano,piano,1
2,30,airplane,airplane,1
2,20,airplane,airplane,1
2,40,person,person,1
2,100,person,person,1
2,60,table,table,1
2,80,piano,piano,1
2,80,person,person,1
1,100,piano,piano,1
1,20,piano,chair,0
1,40,bowl,bowl,1
1,60,stool,lamp,0
1,30,chair,chair,1
1,30,bottle,bottle,1
1,40,airplane,airplane,1
1,50,table,table,1
1,40,cup,cup,1
1,100,stool,stool,1
1,40,bottle,cup,0
1,40,person,person,1
1,30,cup,cup,1
1,80,piano,piano,1
1,100,airplane,airplane,1
1,80,person,person,1
1,100,chair,chair,1
1,80,stool,stool,1
1,30,table,table,1
1,20,bowl,bowl,1
1,60,table,table,1
1,60,lamp,lamp,1
1,20,table,table,1
1,40,chair,chair,1
1,80,table,table,1
1,20,bottle,bottle,1
1,100,bowl,bowl,1
1,100,person,person,1
1,20,stool,stool,1
1,50,lamp,lamp,1
1,80,cup,cup,1
1,100,cup,cup,1
1,80,lamp,lamp,1
1,50,bottle,bottle,1
1,50,stool,stool,1
1,80,chair,chair,1
1,50,chair,chair,1
1,40,table,table,1
1,60,chair,chair,1
1,50,airplane,airplane,1
1,40,piano,table,0
1,60,cup,cup,1
1,100,table,table,1
1,80,airplane,airplane,1
1,20,lamp,lamp,1
1,20,person,person,1
1,60,person,person,1
1,20,airplane,airplane,1
1,40,stool,stool,1
1,30,piano,bowl,0
1,60,airplane,airplane,1
1,40,lamp,lamp,1
1,100,lamp,lamp,1
1,60,piano,piano,1
1,50,cup,cup,1
1,20,chair,chair,1
1,50,person,person,1
1,30,person,person,1
1,30,lamp,lamp,1
1,30,bowl,bowl,1
1,60,bottle,bottle,1
1,20,cup,cup,1
1,30,airplane,airplane,1
1,100,bottle,bottle,1
1,30,stool,stool,1
1,50,piano,piano,1
1,80,bowl,cup,0
1,60,bowl,bowl,1
1,80,bottle,bottle,1
1,50,bowl,bowl,1
3,100,piano,piano,1
3,30,cup,lamp,0
3,40,chair,chair,1
3,20,bowl,bowl,1
3,50,table,table,1
3,50,airplane,airplane,1
3,80,stool,stool,1
3,20,table,table,1
3,80,person,person,1
3,80,lamp,lamp,1
3,60,person,person,1
3,20,lamp,lamp,1
3,100,person,person,1
3,50,cup,person,0
3,50,piano,piano,1
3,80,chair,chair,1
3,80,piano,chair,0
3,80,cup,chair,0
3,60,lamp,lamp,1
3,100,bottle,lamp,0
3,20,chair,chair,1
3,30,stool,stool,1
3,60,table,stool,0
3,100,cup,stool,0
3,80,bowl,stool,0
3,50,person,person,1
3,30,piano,person,0
3,50,lamp,person,0
3,80,bottle,person,0
3,40,person,person,1
3,100,lamp,lamp,1
3,100,stool,lamp,0
3,100,table,table,1
3,30,chair,table,0
3,20,cup,cup,1
3,60,bowl,bowl,1
3,40,piano,bowl,0
3,50,bottle,bottle,1
3,40,cup,bottle,0
3,60,piano,piano,1
3,40,bottle,bottle,1
3,40,stool,stool,1
3,50,chair,chair,1
3,100,airplane,airplane,1
3,30,person,person,1
3,100,chair,chair,1
3,60,airplane,airplane,1
3,40,airplane,airplane,1
3,20,bottle,bottle,1
3,30,bowl,bowl,1
3,30,table,table,1
3,20,person,person,1
3,30,airplane,airplane,1
3,20,piano,table,0
3,50,stool,stool,1
3,30,bottle,bottle,1
3,60,bottle,bottle,1
3,40,table,table,1
3,20,airplane,airplane,1
3,50,bowl,bowl,1
3,40,lamp,lamp,1
3,80,airplane,airplane,1
3,100,bowl,airplane,0
3,20,stool,stool,1
3,60,chair,chair,1
3,80,table,chair,0
3,60,cup,cup,1
3,30,lamp,lamp,1
3,40,bowl,bowl,1
3,60,stool,stool,1
4,100,piano,piano,1
4,30,person,person,1
4,30,chair,chair,1
4,40,stool,lamp,0
4,30,bottle,bottle,1
4,80,airplane,airplane,1
4,20,piano,table,0
4,80,chair,chair,1
4,40,airplane,airplane,1
4,60,bowl,bowl,1
4,30,bowl,stool,0
4,80,bottle,bottle,1
4,20,lamp,lamp,1
4,20,bottle,bottle,1
4,60,stool,lamp,0
4,100,bowl,stool,0
4,50,bottle,person,0
4,30,stool,table,0
4,60,cup,cup,1
4,80,bowl,cup,0
4,30,lamp,lamp,1
4,60,person,person,1
4,80,person,person,1
4,30,table,table,1
4,30,piano,stool,0
4,60,table,table,1
4,100,person,person,1
4,40,cup,cup,1
4,80,table,table,1
4,60,airplane,airplane,1
4,30,cup,cup,1
4,20,table,table,1
4,40,bowl,bowl,1
4,20,bowl,bowl,1
4,100,bottle,bottle,1
4,100,stool,stool,1
4,60,chair,chair,1
4,100,lamp,lamp,1
4,80,piano,piano,1
4,20,cup,cup,1
4,50,cup,cup,1
4,100,chair,chair,1
4,20,chair,chair,1
4,50,bowl,bowl,1
4,50,piano,piano,1
4,40,person,person,1
4,50,chair,chair,1
4,80,cup,table,0
4,50,table,table,1
4,50,airplane,airplane,1
4,40,lamp,lamp,1
4,40,piano,piano,1
4,100,cup,cup,1
4,50,lamp,lamp,1
4,60,bottle,bottle,1
4,20,airplane,airplane,1
4,50,person,person,1
4,40,table,table,1
4,60,piano,piano,1
4,40,chair,chair,1
4,40,bottle,bottle,1
4,100,airplane,airplane,1
4,20,person,piano,0
4,80,lamp,lamp,1
4,100,table,table,1
4,20,stool,lamp,0
4,60,lamp,lamp,1
4,80,stool,lamp,0
4,50,stool,stool,1
4,30,airplane,airplane,1
5,60,chair,chair,1
5,50,bottle,bottle,1
5,80,stool,stool,1
5,20,stool,lamp,0
5,100,bowl,bowl,1
5,30,piano,table,0
5,50,piano,piano,1
5,100,person,person,1
5,30,cup,cup,1
5,60,bowl,bowl,1
5,40,chair,chair,1
5,60,table,table,1
5,50,stool,stool,1
5,30,table,table,1
5,100,table,table,1
5,50,chair,chair,1
5,80,cup,cup,1
5,100,stool,stool,1
5,100,bottle,bottle,1
5,60,airplane,airplane,1
5,50,cup,cup,1
5,30,person,person,1
5,40,stool,stool,1
5,30,chair,chair,1
5,80,lamp,lamp,1
5,80,chair,chair,1
5,60,stool,lamp,0
5,50,bowl,bowl,1
5,60,cup,cup,1
5,100,chair,chair,1
5,40,table,table,1
5,20,cup,cup,1
5,20,bowl,bowl,1
5,20,person,person,1
5,30,stool,stool,1
5,80,person,person,1
5,60,piano,chair,0
5,50,person,person,1
5,100,lamp,lamp,1
5,40,lamp,lamp,1
5,40,bottle,cup,0
5,80,bowl,cup,0
5,40,bowl,bowl,1
5,80,airplane,airplane,1
5,80,bottle,bottle,1
5,80,table,table,1
5,40,airplane,airplane,1
5,60,lamp,lamp,1
5,50,airplane,airplane,1
5,20,lamp,lamp,1
5,30,airplane,airplane,1
5,40,person,person,1
5,100,airplane,airplane,1
5,30,bottle,bottle,1
5,40,cup,cup,1
5,80,piano,piano,1
5,30,lamp,lamp,1
5,50,table,table,1
5,40,piano,table,0
5,20,piano,piano,1
5,100,cup,cup,1
5,20,table,table,1
5,100,piano,piano,1
5,60,bottle,bottle,1
5,30,bowl,bowl,1
5,20,airplane,airplane,1
5,60,person,person,1
5,50,lamp,lamp,1
5,20,bottle,bottle,1
5,20,chair,chair,1
8,20,bowl,bowl,1
8,30,table,stool,0
8,100,bottle,bottle,1
8,50,lamp,lamp,1
8,80,person,person,1
8,30,airplane,airplane,1
8,60,piano,piano,1
8,40,bowl,bowl,1
8,20,lamp,lamp,1
8,30,person,person,1
8,40,table,table,1
8,20,piano,piano,1
8,30,piano,stool,0
8,30,chair,chair,1
8,50,bottle,bottle,1
8,30,lamp,lamp,1
8,80,airplane,airplane,1
8,100,person,person,1
8,40,bottle,bottle,1
8,20,person,person,1
8,100,stool,stool,1
8,30,bottle,bottle,1
8,60,airplane,airplane,1
8,60,stool,lamp,0
8,50,table,table,1
8,80,bottle,bottle,1
8,50,bowl,bowl,1
8,100,cup,cup,1
8,60,table,table,1
8,20,airplane,airplane,1
8,50,cup,cup,1
8,50,chair,chair,1
8,100,table,table,1
8,40,lamp,lamp,1
8,100,airplane,airplane,1
8,40,chair,chair,1
8,50,stool,stool,1
8,80,lamp,lamp,1
8,40,person,person,1
8,60,lamp,lamp,1
8,60,chair,chair,1
8,40,cup,cup,1
8,20,chair,chair,1
8,50,piano,piano,1
8,60,person,person,1
8,30,bowl,bowl,1
8,30,stool,stool,1
8,20,cup,cup,1
8,80,cup,cup,1
8,80,stool,stool,1
8,100,chair,chair,1
8,30,cup,cup,1
8,20,bottle,bottle,1
8,80,chair,chair,1
8,60,bottle,bottle,1
8,80,piano,piano,1
8,40,airplane,airplane,1
8,40,piano,piano,1
8,80,bowl,cup,0
8,60,cup,cup,1
8,20,table,table,1
8,50,person,person,1
8,60,bowl,bowl,1
8,20,stool,stool,1
8,40,stool,stool,1
8,100,lamp,lamp,1
8,100,piano,piano,1
8,80,table,table,1
8,50,airplane,airplane,1
8,100,bowl,cup,0
7,20,piano,table,0
7,50,bottle,bottle,1
7,20,bottle,bottle,1
7,20,bowl,bowl,1
7,20,chair,chair,1
7,100,person,person,1
7,80,stool,stool,1
7,60,airplane,airplane,1
7,80,chair,chair,1
7,40,person,person,1
7,100,cup,cup,1
7,20,stool,stool,1
7,60,bottle,bottle,1
7,50,bowl,bowl,1
7,30,piano,piano,1
7,40,bottle,cup,0
7,100,airplane,airplane,1
7,30,person,person,1
7,50,lamp,lamp,1
7,30,bottle,bottle,1
7,100,chair,chair,1
7,50,chair,chair,1
7,80,cup,cup,1
7,40,bowl,bowl,1
7,20,lamp,lamp,1
7,40,chair,chair,1
7,30,cup,cup,1
7,60,piano,piano,1
7,50,person,person,1
7,60,bowl,bowl,1
7,20,cup,cup,1
7,80,lamp,lamp,1
7,40,airplane,airplane,1
7,80,piano,piano,1
7,60,stool,stool,1
7,50,airplane,airplane,1
7,50,piano,piano,1
7,80,bowl,cup,0
7,100,table,table,1
7,60,cup,cup,1
7,30,chair,chair,1
7,20,person,person,1
7,100,bottle,bottle,1
7,50,table,table,1
7,80,table,table,1
7,40,piano,table,0
7,100,bowl,cup,0
7,60,lamp,lamp,1
7,100,lamp,lamp,1
7,30,airplane,airplane,1
7,20,table,table,1
7,100,stool,stool,1
7,30,bowl,bowl,1
7,30,table,table,1
7,30,lamp,lamp,1
7,80,person,person,1
7,30,stool,stool,1
7,60,person,person,1
7,40,lamp,lamp,1
7,50,cup,cup,1
7,40,table,table,1
7,60,chair,chair,1
7,40,stool,stool,1
7,60,table,table,1
7,50,stool,stool,1
7,100,piano,piano,1
7,80,bottle,bottle,1
7,20,airplane,airplane,1
7,80,airplane,airplane,1
7,40,cup,cup,1
9,100,table,table,1
9,100,lamp,lamp,1
9,50,chair,chair,1
9,60,bowl,bowl,1
9,60,chair,chair,1
9,80,piano,piano,1
9,50,bowl,bowl,1
9,100,piano,piano,1
9,50,lamp,lamp,1
9,20,stool,stool,1
9,30,bottle,bottle,1
9,60,lamp,lamp,1
9,40,table,table,1
9,30,cup,chair,0
9,30,chair,chair,1
9,50,airplane,airplane,1
9,100,stool,stool,1
9,20,person,person,1
9,80,lamp,lamp,1
9,80,cup,cup,1
9,30,bowl,bowl,1
9,80,table,table,1
9,80,chair,chair,1
9,40,chair,chair,1
9,80,stool,stool,1
9,80,airplane,airplane,1
9,40,cup,cup,1
9,30,person,person,1
9,50,table,table,1
9,80,person,person,1
9,100,cup,cup,1
9,20,lamp,lamp,1
9,100,bowl,bowl,1
9,40,bottle,bottle,1
9,60,table,table,1
9,60,cup,cup,1
9,20,cup,cup,1
9,40,airplane,airplane,1
9,20,bowl,bowl,1
9,60,piano,piano,1
9,50,cup,cup,1
9,100,person,person,1
9,50,person,person,1
9,20,chair,chair,1
9,50,piano,piano,1
9,60,person,person,1
9,80,bottle,bottle,1
9,60,stool,lamp,0
9,30,lamp,lamp,1
9,40,stool,stool,1
9,100,airplane,airplane,1
9,40,lamp,lamp,1
9,40,piano,piano,1
9,30,table,table,1
9,40,bowl,bowl,1
9,100,chair,chair,1
9,30,stool,stool,1
9,20,bottle,bottle,1
9,20,table,table,1
9,20,piano,piano,1
9,60,bottle,bottle,1
9,30,airplane,airplane,1
9,50,stool,stool,1
9,60,airplane,airplane,1
9,20,airplane,airplane,1
9,80,bowl,bowl,1
9,30,piano,piano,1
9,50,bottle,bottle,1
9,100,bottle,bottle,1
9,40,person,person,1
11,40,airplane,airplane,1
11,50,lamp,lamp,1
11,60,cup,cup,1
11,80,bowl,bowl,1
11,100,lamp,lamp,1
11,40,chair,chair,1
11,60,table,stool,0
11,50,piano,piano,1
11,100,person,person,1
11,50,bowl,bowl,1
11,40,stool,stool,1
11,20,bottle,bottle,1
11,30,person,person,1
11,80,piano,piano,1
11,100,stool,stool,1
11,50,chair,chair,1
11,60,lamp,lamp,1
11,80,person,person,1
11,40,cup,cup,1
11,50,cup,cup,1
11,80,lamp,lamp,1
11,30,lamp,lamp,1
11,30,stool,stool,1
11,100,cup,cup,1
11,60,chair,chair,1
11,80,airplane,airplane,1
11,30,table,table,1
11,100,piano,piano,1
11,20,bowl,bowl,1
11,80,cup,cup,1
11,30,piano,piano,1
11,20,airplane,airplane,1
11,60,bowl,bowl,1
11,50,stool,stool,1
11,20,person,person,1
11,20,cup,cup,1
11,60,piano,piano,1
11,60,person,person,1
11,30,chair,chair,1
11,60,bottle,bottle,1
11,30,bowl,bowl,1
11,50,airplane,airplane,1
11,20,stool,stool,1
11,30,bottle,bottle,1
11,100,airplane,airplane,1
11,40,person,person,1
11,30,cup,cup,1
11,20,piano,piano,1
11,50,table,table,1
11,40,bowl,bowl,1
11,100,table,table,1
11,60,stool,stool,1
11,20,chair,chair,1
11,100,bowl,bowl,1
11,60,airplane,airplane,1
11,80,stool,stool,1
11,80,chair,chair,1
11,40,table,table,1
11,50,bottle,bottle,1
11,20,lamp,lamp,1
11,20,table,table,1
11,50,person,person,1
11,40,piano,table,0
11,80,bottle,bottle,1
11,30,airplane,airplane,1
11,100,bottle,bottle,1
11,100,chair,chair,1
11,40,bottle,bottle,1
11,80,table,table,1
11,40,lamp,lamp,1
10,100,bowl,bowl,1
10,30,table,table,1
10,30,stool,stool,1
10,30,airplane,airplane,1
10,80,person,person,1
10,20,airplane,airplane,1
10,80,bowl,bowl,1
10,50,bottle,bottle,1
10,20,bowl,bowl,1
10,50,bowl,bowl,1
10,30,piano,piano,1
10,60,bowl,bowl,1
10,60,stool,stool,1
10,40,person,person,1
10,60,table,table,1
10,20,cup,cup,1
10,20,piano,table,0
10,80,lamp,lamp,1
10,30,cup,cup,1
10,40,table,table,1
10,100,chair,chair,1
10,80,stool,stool,1
10,80,airplane,airplane,1
10,100,piano,piano,1
10,20,bottle,cup,0
10,30,chair,chair,1
10,30,person,person,1
10,40,piano,piano,1
10,80,bottle,bottle,1
10,100,lamp,lamp,1
10,80,cup,cup,1
10,60,chair,chair,1
10,100,stool,stool,1
10,100,cup,cup,1
10,40,bottle,bottle,1
10,50,lamp,lamp,1
10,60,airplane,airplane,1
10,60,piano,piano,1
10,20,lamp,lamp,1
10,30,bowl,bowl,1
10,20,person,person,1
10,40,cup,cup,1
10,40,stool,stool,1
10,50,table,table,1
10,40,bowl,bowl,1
10,60,cup,cup,1
10,50,stool,stool,1
10,30,bottle,bottle,1
10,40,lamp,lamp,1
10,50,cup,cup,1
10,50,airplane,airplane,1
10,40,chair,chair,1
10,80,chair,chair,1
10,100,bottle,bottle,1
10,100,person,person,1
10,20,table,table,1
10,60,bottle,bottle,1
10,40,airplane,airplane,1
10,50,chair,chair,1
10,20,stool,stool,1
10,50,person,person,1
10,60,lamp,lamp,1
10,50,piano,piano,1
10,100,table,table,1
10,100,airplane,airplane,1
10,80,piano,piano,1
10,60,person,person,1
10,20,chair,chair,1
10,80,table,table,1
10,30,lamp,lamp,1
12,100,bowl,bowl,1
12,20,airplane,airplane,1
12,40,bottle,bottle,1
12,80,lamp,lamp,1
12,20,bowl,bowl,1
12,60,chair,chair,1
12,80,bowl,bowl,1
12,100,bottle,bottle,1
12,20,person,person,1
12,60,person,person,1
12,50,person,person,1
12,100,chair,chair,1
12,100,table,table,1
12,100,person,person,1
12,60,table,table,1
12,40,stool,stool,1
12,30,bottle,bottle,1
12,60,airplane,airplane,1
12,30,cup,cup,1
12,20,piano,piano,1
12,30,stool,stool,1
12,50,table,table,1
12,80,cup,cup,1
12,30,table,table,1
12,30,piano,piano,1
12,40,piano,piano,1
12,40,table,table,1
12,80,table,table,1
12,40,bowl,bowl,1
12,80,piano,piano,1
12,80,airplane,airplane,1
12,100,lamp,lamp,1
12,20,stool,stool,1
12,30,person,person,1
12,80,person,person,1
12,40,cup,cup,1
12,50,airplane,airplane,1
12,100,cup,cup,1
12,50,chair,chair,1
12,30,chair,chair,1
12,60,cup,cup,1
12,80,stool,stool,1
12,20,chair,chair,1
12,50,piano,piano,1
12,60,piano,chair,0
12,20,bottle,bottle,1
12,40,person,person,1
12,40,airplane,airplane,1
12,100,stool,stool,1
12,60,bottle,bottle,1
12,50,bowl,bowl,1
12,40,chair,chair,1
12,50,cup,cup,1
12,60,lamp,lamp,1
12,80,bottle,bottle,1
12,100,airplane,airplane,1
12,50,bottle,bottle,1
12,50,lamp,lamp,1
12,40,lamp,lamp,1
12,50,stool,stool,1
12,30,bowl,bowl,1
12,60,bowl,bowl,1
12,30,lamp,lamp,1
12,80,chair,chair,1
12,30,airplane,airplane,1
12,20,lamp,lamp,1
12,100,piano,piano,1
12,60,stool,lamp,0
12,20,table,table,1
12,20,cup,piano,0
13,40,lamp,lamp,1
13,20,person,person,1
13,30,bowl,bowl,1
13,80,stool,stool,1
13,50,bottle,bottle,1
13,60,chair,chair,1
13,30,chair,chair,1
13,20,bowl,bowl,1
13,80,table,table,1
13,20,piano,piano,1
13,40,cup,cup,1
13,100,table,table,1
13,50,airplane,airplane,1
13,100,person,person,1
13,100,bowl,bowl,1
13,50,lamp,lamp,1
13,80,lamp,lamp,1
13,50,chair,chair,1
13,80,person,person,1
13,80,chair,chair,1
13,50,table,table,1
13,50,bowl,table,0
13,60,cup,cup,1
13,20,stool,stool,1
13,40,chair,chair,1
13,30,cup,cup,1
13,80,cup,cup,1
13,80,bowl,cup,0
13,100,cup,cup,1
13,50,stool,stool,1
13,60,airplane,airplane,1
13,20,table,table,1
13,60,stool,stool,1
13,30,lamp,lamp,1
13,60,bowl,bowl,1
13,50,piano,piano,1
13,100,airplane,airplane,1
13,20,airplane,airplane,1
13,60,person,person,1
13,80,airplane,airplane,1
13,20,lamp,lamp,1
13,30,table,table,1
13,40,stool,stool,1
13,60,lamp,lamp,1
13,30,person,person,1
13,20,cup,cup,1
13,40,table,table,1
13,30,piano,piano,1
13,40,airplane,airplane,1
13,100,stool,stool,1
13,100,bottle,bottle,1
13,40,bowl,bowl,1
13,40,piano,piano,1
13,100,chair,chair,1
13,60,table,table,1
13,100,lamp,lamp,1
13,20,bottle,bottle,1
13,20,chair,chair,1
13,30,stool,stool,1
13,60,piano,piano,1
13,50,person,person,1
13,50,cup,cup,1
13,60,bottle,bottle,1
13,80,bottle,bottle,1
13,100,piano,piano,1
13,40,person,person,1
13,80,piano,piano,1
13,30,airplane,airplane,1
13,30,bottle,bottle,1
13,40,bottle,bottle,1
14,80,stool,stool,1
14,30,table,table,1
14,100,cup,cup,1
14,100,bowl,bowl,1
14,60,bottle,bottle,1
14,30,lamp,lamp,1
14,80,piano,piano,1
14,50,lamp,lamp,1
14,60,chair,chair,1
14,40,bottle,cup,0
14,40,airplane,airplane,1
14,50,airplane,airplane,1
14,60,table,table,1
14,50,bowl,bowl,1
14,50,chair,chair,1
14,20,stool,stool,1
14,40,stool,stool,1
14,100,bottle,bottle,1
14,30,cup,cup,1
14,100,lamp,lamp,1
14,60,airplane,airplane,1
14,50,bottle,bottle,1
14,50,person,person,1
14,80,airplane,airplane,1
14,100,person,person,1
14,80,person,person,1
14,40,table,table,1
14,60,stool,stool,1
14,30,airplane,airplane,1
14,20,bottle,bottle,1
14,30,piano,piano,1
14,20,chair,chair,1
14,100,airplane,airplane,1
14,50,cup,cup,1
14,60,cup,cup,1
14,40,piano,table,0
14,50,piano,piano,1
14,20,piano,table,0
14,80,cup,cup,1
14,40,bowl,bowl,1
14,100,table,table,1
14,80,bowl,bowl,1
14,20,airplane,airplane,1
14,20,bowl,bowl,1
14,20,table,table,1
14,100,stool,stool,1
14,100,chair,chair,1
14,40,chair,chair,1
14,60,lamp,lamp,1
14,80,bottle,bottle,1
14,30,chair,chair,1
14,60,bowl,bowl,1
14,40,cup,cup,1
14,60,person,person,1
14,30,stool,stool,1
14,80,table,table,1
14,30,bowl,bowl,1
14,20,lamp,lamp,1
14,50,stool,stool,1
14,80,chair,chair,1
14,40,lamp,lamp,1
14,20,person,person,1
14,80,lamp,lamp,1
14,30,bottle,bottle,1
14,100,piano,piano,1
14,30,person,person,1
14,40,person,person,1
14,60,piano,piano,1
14,50,table,table,1
14,20,cup,cup,1
15,40,table,table,1
15,100,bottle,bottle,1
15,30,bowl,bowl,1
15,80,chair,chair,1
15,100,stool,stool,1
15,20,bottle,bottle,1
15,30,bottle,bottle,1
15,80,bowl,cup,0
15,60,bowl,bowl,1
15,50,cup,cup,1
15,80,airplane,airplane,1
15,30,table,table,1
15,50,person,person,1
15,80,table,table,1
15,20,person,person,1
15,20,bowl,bowl,1
15,30,piano,piano,1
15,20,chair,chair,1
15,100,cup,cup,1
15,20,stool,person,0
15,100,lamp,lamp,1
15,60,table,table,1
15,60,stool,lamp,0
15,80,stool,stool,1
15,50,bottle,bottle,1
15,80,person,person,1
15,30,stool,stool,1
15,80,lamp,lamp,1
15,30,person,person,1
15,50,airplane,airplane,1
15,80,cup,cup,1
15,50,bowl,bowl,1
15,100,person,person,1
15,100,bowl,cup,0
15,40,lamp,lamp,1
15,20,piano,chair,0
15,80,bottle,bottle,1
15,60,cup,cup,1
15,40,chair,chair,1
15,60,lamp,lamp,1
15,30,lamp,lamp,1
15,60,bottle,bottle,1
15,100,chair,chair,1
15,60,piano,piano,1
15,20,cup,cup,1
15,80,piano,piano,1
15,60,airplane,airplane,1
15,60,chair,chair,1
15,40,person,person,1
15,20,airplane,airplane,1
15,50,table,table,1
15,100,table,table,1
15,50,piano,piano,1
15,50,chair,chair,1
15,20,lamp,lamp,1
15,30,airplane,airplane,1
15,30,chair,chair,1
15,40,stool,lamp,0
15,40,bottle,cup,0
15,50,stool,stool,1
15,40,piano,piano,1
15,100,piano,piano,1
15,60,person,person,1
15,30,cup,bottle,0
15,40,cup,cup,1
15,40,airplane,airplane,1
15,40,bowl,bowl,1
15,100,airplane,airplane,1
15,50,lamp,lamp,1
15,20,table,table,1
16,100,piano,piano,1
16,40,cup,cup,1
16,40,bottle,bottle,1
16,20,bottle,bottle,1
16,30,cup,cup,1
16,50,airplane,airplane,1
16,40,piano,piano,1
16,30,piano,stool,0
16,100,lamp,lamp,1
16,30,person,person,1
16,40,chair,chair,1
16,50,table,table,1
16,50,bottle,bottle,1
16,100,chair,chair,1
16,40,stool,stool,1
16,30,chair,chair,1
16,80,airplane,airplane,1
16,50,lamp,lamp,1
16,50,piano,piano,1
16,100,stool,stool,1
16,80,table,table,1
16,20,table,piano,0
16,30,lamp,lamp,1
16,60,person,person,1
16,100,bowl,chair,0
16,40,lamp,lamp,1
16,100,airplane,airplane,1
16,30,stool,stool,1
16,60,table,table,1
16,60,chair,chair,1
16,80,lamp,lamp,1
16,40,bowl,stool,0
16,60,cup,stool,0
16,100,bottle,bottle,1
16,60,piano,piano,1
16,50,person,person,1
16,60,airplane,airplane,1
16,80,chair,chair,1
16,60,bottle,bottle,1
16,60,bowl,chair,0
16,80,cup,cup,1
16,100,person,person,1
16,50,stool,stool,1
16,20,piano,table,0
16,20,airplane,airplane,1
16,100,table,table,1
16,40,person,person,1
16,40,airplane,airplane,1
16,50,bowl,chair,0
16,20,cup,cup,1
16,80,bottle,bottle,1
16,20,bowl,bowl,1
16,50,chair,bowl,0
16,30,table,table,1
16,80,stool,stool,1
16,30,bottle,bottle,1
16,20,person,person,1
16,80,person,person,1
16,80,bowl,chair,0
16,60,lamp,lamp,1
16,20,stool,stool,1
16,20,lamp,lamp,1
16,20,chair,chair,1
16,40,table,table,1
16,100,cup,cup,1
16,30,bowl,bowl,1
16,80,piano,piano,1
16,30,airplane,airplane,1
16,60,stool,lamp,0
16,50,cup,cup,1
17,50,lamp,lamp,1
17,100,lamp,lamp,1
17,50,bottle,bottle,1
17,50,person,person,1
17,20,bowl,bowl,1
17,60,piano,piano,1
17,40,bottle,bottle,1
17,50,piano,table,0
17,20,person,person,1
17,100,airplane,airplane,1
17,40,lamp,lamp,1
17,30,bottle,bottle,1
17,30,table,table,1
17,80,piano,piano,1
17,80,lamp,lamp,1
17,40,bowl,bowl,1
17,30,airplane,airplane,1
17,30,lamp,lamp,1
17,100,chair,chair,1
17,60,airplane,airplane,1
17,40,table,table,1
17,80,table,table,1
17,20,lamp,lamp,1
17,100,cup,cup,1
17,60,chair,chair,1
17,40,person,person,1
17,50,table,table,1
17,100,bowl,cup,0
17,20,table,table,1
17,100,stool,stool,1
17,30,cup,cup,1
17,30,piano,table,0
17,20,stool,lamp,0
17,80,stool,stool,1
17,20,airplane,airplane,1
17,60,lamp,lamp,1
17,80,bottle,bottle,1
17,50,airplane,airplane,1
17,80,chair,chair,1
17,40,stool,lamp,0
17,30,chair,chair,1
17,40,piano,piano,1
17,50,chair,chair,1
17,30,bowl,bowl,1
17,60,bowl,bowl,1
17,20,piano,table,0
17,50,cup,cup,1
17,100,bottle,bottle,1
17,100,person,person,1
17,20,cup,cup,1
17,50,stool,stool,1
17,60,table,table,1
17,40,chair,chair,1
17,100,piano,piano,1
17,20,bottle,bottle,1
17,100,table,table,1
17,60,cup,cup,1
17,30,person,person,1
17,40,cup,cup,1
17,60,person,person,1
17,50,bowl,bowl,1
17,20,chair,chair,1
17,80,cup,cup,1
17,80,person,person,1
17,60,stool,lamp,0
17,40,airplane,airplane,1
17,80,bowl,cup,0
17,60,bottle,bottle,1
17,30,stool,stool,1
17,80,airplane,airplane,1
18,100,person,person,1
18,100,bowl,bowl,1
18,60,chair,chair,1
18,30,bottle,bottle,1
18,50,lamp,lamp,1
18,20,table,table,1
18,20,lamp,lamp,1
18,80,cup,cup,1
18,60,cup,cup,1
18,100,lamp,lamp,1
18,30,stool,stool,1
18,60,piano,piano,1
18,40,piano,piano,1
18,20,airplane,airplane,1
18,20,bowl,bowl,1
18,60,lamp,lamp,1
18,60,person,person,1
18,50,cup,cup,1
18,40,table,table,1
18,50,person,person,1
18,80,stool,stool,1
18,40,bowl,bowl,1
18,20,bottle,bottle,1
18,60,stool,stool,1
18,60,airplane,airplane,1
18,50,airplane,airplane,1
18,100,bottle,bottle,1
18,100,piano,piano,1
18,80,person,person,1
18,60,table,table,1
18,30,table,table,1
18,80,piano,piano,1
18,100,cup,cup,1
18,20,person,person,1
18,20,chair,chair,1
18,80,table,table,1
18,100,airplane,airplane,1
18,80,bottle,bottle,1
18,30,piano,piano,1
18,50,bottle,bottle,1
18,30,person,person,1
18,30,chair,chair,1
18,50,piano,piano,1
18,20,cup,cup,1
18,40,bottle,bottle,1
18,30,bowl,bowl,1
18,20,stool,stool,1
18,80,airplane,airplane,1
18,40,chair,chair,1
18,40,cup,cup,1
18,40,person,person,1
18,80,bowl,cup,0
18,60,bottle,bottle,1
18,20,piano,chair,0
18,40,lamp,lamp,1
18,100,chair,chair,1
18,40,airplane,airplane,1
18,50,table,table,1
18,30,lamp,lamp,1
18,60,bowl,bowl,1
18,80,chair,chair,1
18,100,table,table,1
18,40,stool,lamp,0
18,30,airplane,airplane,1
18,50,stool,chair,0
18,50,chair,chair,1
18,30,cup,cup,1
18,80,lamp,lamp,1
18,100,stool,chair,0
18,50,bowl,bowl,1
19,50,bowl,bowl,1
19,40,cup,cup,1
19,80,person,person,1
19,50,piano,piano,1
19,50,chair,chair,1
19,40,piano,table,0
19,80,lamp,lamp,1
19,20,table,table,1
19,30,person,person,1
19,80,chair,chair,1
19,30,table,table,1
19,40,airplane,airplane,1
19,100,stool,stool,1
19,80,airplane,airplane,1
19,80,bowl,cup,0
19,40,stool,lamp,0
19,60,piano,chair,0
19,20,bowl,bowl,1
19,60,chair,chair,1
19,80,piano,piano,1
19,30,lamp,lamp,1
19,60,lamp,lamp,1
19,100,bowl,bowl,1
19,60,airplane,airplane,1
19,80,stool,chair,0
19,60,bowl,bowl,1
19,20,stool,stool,1
19,100,bottle,bottle,1
19,20,lamp,lamp,1
19,100,chair,chair,1
19,50,stool,stool,1
19,100,person,person,1
19,50,table,table,1
19,80,bottle,bottle,1
19,100,piano,piano,1
19,50,airplane,airplane,1
19,100,cup,cup,1
19,40,bowl,bowl,1
19,30,chair,chair,1
19,100,table,table,1
19,60,stool,lamp,0
19,20,airplane,airplane,1
19,20,cup,chair,0
19,50,bottle,bottle,1
19,40,person,person,1
19,60,cup,cup,1
19,40,table,table,1
19,30,cup,cup,1
19,30,stool,stool,1
19,60,person,person,1
19,20,bottle,bottle,1
19,100,lamp,lamp,1
19,30,bottle,bottle,1
19,80,cup,bowl,0
19,20,chair,chair,1
19,60,bottle,bottle,1
19,50,person,person,1
19,20,person,person,1
19,40,lamp,lamp,1
19,30,bowl,bowl,1
19,80,table,table,1
19,30,piano,piano,1
19,60,table,table,1
19,50,cup,cup,1
19,20,piano,piano,1
19,40,chair,chair,1
19,100,airplane,airplane,1
19,40,bottle,bottle,1
19,50,lamp,lamp,1
19,30,airplane,airplane,1
22,50,bowl,bowl,1
22,20,airplane,airplane,1
22,50,table,chair,0
22,60,cup,cup,1
22,20,table,chair,0
22,40,lamp,bottle,0
22,60,piano,chair,0
22,30,bottle,bottle,1
22,40,chair,chair,1
22,80,cup,cup,1
22,60,lamp,bowl,0
22,30,chair,chair,1
22,20,stool,bottle,0
22,20,chair,chair,1
22,60,person,airplane,0
22,80,person,airplane,0
22,40,person,bottle,0
22,40,bottle,cup,0
22,100,bottle,bottle,1
22,50,bottle,bottle,1
22,50,stool,chair,0
22,40,table,chair,0
22,30,cup,cup,1
22,50,chair,chair,1
22,20,lamp,bottle,0
22,80,lamp,lamp,1
22,50,lamp,lamp,1
22,50,person,person,1
22,60,chair,chair,1
22,100,piano,table,0
22,30,bowl,bowl,1
22,40,stool,lamp,0
22,100,stool,stool,1
22,100,cup,cup,1
22,80,bottle,bottle,1
22,40,cup,cup,1
22,30,person,person,1
22,40,piano,table,0
22,20,cup,cup,1
22,100,person,person,1
22,60,stool,lamp,0
22,80,table,table,1
22,80,chair,chair,1
22,30,piano,airplane,0
22,100,bowl,bowl,1
22,80,airplane,airplane,1
22,30,airplane,airplane,1
22,80,stool,stool,1
22,30,table,table,1
22,20,piano,table,0
22,20,bottle,bottle,1
22,60,airplane,airplane,1
22,20,bowl,bowl,1
22,100,lamp,lamp,1
22,100,table,table,1
22,20,person,person,1
22,40,bowl,bowl,1
22,60,bottle,bottle,1
22,40,airplane,airplane,1
22,100,airplane,airplane,1
22,50,airplane,airplane,1
22,60,table,table,1
22,50,cup,cup,1
22,30,lamp,lamp,1
22,30,stool,stool,1
22,50,piano,piano,1
22,60,bowl,bowl,1
22,80,piano,piano,1
22,80,bowl,cup,0
22,100,chair,chair,1
24,100,person,person,1
24,80,piano,piano,1
24,100,bowl,bowl,1
24,30,bowl,bowl,1
24,50,chair,chair,1
24,60,person,person,1
24,60,airplane,airplane,1
24,80,lamp,lamp,1
24,100,chair,chair,1
24,40,person,person,1
24,60,cup,cup,1
24,30,airplane,airplane,1
24,30,table,table,1
24,100,airplane,airplane,1
24,80,bowl,bowl,1
24,40,cup,cup,1
24,30,stool,stool,1
24,20,chair,chair,1
24,80,stool,stool,1
24,20,piano,piano,1
24,50,lamp,lamp,1
24,60,stool,lamp,0
24,50,person,person,1
24,80,table,table,1
24,60,piano,chair,0
24,60,bowl,bowl,1
24,100,table,table,1
24,100,piano,chair,0
24,50,cup,lamp,0
24,30,bottle,bottle,1
24,40,chair,chair,1
24,80,chair,chair,1
24,60,table,table,1
24,100,cup,chair,0
24,50,bottle,bottle,1
24,60,bottle,bottle,1
24,80,cup,cup,1
24,80,airplane,airplane,1
24,100,lamp,lamp,1
24,20,person,person,1
24,30,person,person,1
24,20,table,piano,0
24,40,piano,chair,0
24,40,airplane,airplane,1
24,30,lamp,lamp,1
24,40,bowl,bowl,1
24,30,cup,cup,1
24,20,airplane,airplane,1
24,60,lamp,lamp,1
24,20,bottle,bottle,1
24,20,stool,lamp,0
24,50,piano,piano,1
24,40,table,table,1
24,50,table,table,1
24,80,bottle,bottle,1
24,30,piano,table,0
24,40,stool,lamp,0
24,100,stool,stool,1
24,60,chair,chair,1
24,100,bottle,bottle,1
24,50,stool,bottle,0
24,40,lamp,lamp,1
24,50,airplane,airplane,1
24,40,bottle,bottle,1
24,20,cup,cup,1
24,80,person,person,1
24,50,bowl,bowl,1
24,30,chair,chair,1
24,20,bowl,bowl,1
24,20,lamp,lamp,1
26,60,cup,cup,1
26,60,bowl,bowl,1
26,20,airplane,airplane,1
26,100,person,person,1
26,30,person,person,1
26,100,airplane,airplane,1
26,40,stool,stool,1
26,60,bottle,bottle,1
26,30,piano,table,0
26,80,stool,stool,1
26,50,stool,stool,1
26,40,bottle,bottle,1
26,100,bottle,bottle,1
26,80,bowl,cup,0
26,40,piano,chair,0
26,40,table,table,1
26,20,cup,cup,1
26,40,person,person,1
26,100,stool,stool,1
26,20,lamp,lamp,1
26,100,lamp,lamp,1
26,50,lamp,lamp,1
26,30,bottle,bottle,1
26,80,bottle,bottle,1
26,50,chair,chair,1
26,50,person,person,1
26,30,lamp,lamp,1
26,20,person,person,1
26,100,table,table,1
26,60,chair,chair,1
26,80,table,table,1
26,30,stool,stool,1
26,20,table,table,1
26,40,airplane,airplane,1
26,20,bowl,bowl,1
26,20,piano,table,0
26,30,cup,cup,1
26,60,table,table,1
26,40,cup,cup,1
26,80,airplane,airplane,1
26,30,bowl,bowl,1
26,100,bowl,cup,0
26,80,lamp,lamp,1
26,60,piano,piano,1
26,20,stool,lamp,0
26,60,lamp,lamp,1
26,80,piano,piano,1
26,30,airplane,airplane,1
26,60,airplane,airplane,1
26,60,person,person,1
26,20,bottle,bottle,1
26,50,airplane,airplane,1
26,50,bottle,bottle,1
26,50,bowl,bowl,1
26,100,chair,chair,1
26,100,cup,cup,1
26,50,cup,cup,1
26,20,chair,chair,1
26,80,chair,chair,1
26,40,bowl,bowl,1
26,30,chair,chair,1
26,30,table,table,1
26,40,chair,chair,1
26,40,lamp,lamp,1
26,100,piano,piano,1
26,50,table,table,1
26,50,piano,piano,1
26,60,stool,lamp,0
26,80,cup,cup,1
26,80,person,person,1
27,40,table,table,1
27,60,cup,cup,1
27,20,chair,chair,1
27,50,piano,piano,1
27,40,piano,piano,1
27,100,piano,stool,0
27,30,bowl,bowl,1
27,20,stool,lamp,0
27,60,piano,stool,0
27,80,stool,stool,1
27,50,stool,stool,1
27,80,lamp,lamp,1
27,40,bottle,bottle,1
27,80,chair,chair,1
27,50,bowl,bowl,1
27,30,stool,stool,1
27,60,person,person,1
27,40,chair,chair,1
27,100,chair,chair,1
27,80,bottle,bottle,1
27,20,lamp,lamp,1
27,60,chair,chair,1
27,50,lamp,lamp,1
27,100,airplane,airplane,1
27,30,piano,piano,1
27,100,bottle,bottle,1
27,80,cup,cup,1
27,40,lamp,lamp,1
27,40,bowl,bowl,1
27,80,piano,piano,1
27,60,table,table,1
27,60,lamp,lamp,1
27,20,cup,cup,1
27,30,person,person,1
27,50,person,person,1
27,100,lamp,lamp,1
27,20,piano,piano,1
27,20,table,table,1
27,20,bottle,bottle,1
27,60,bowl,bowl,1
27,100,person,person,1
27,20,airplane,airplane,1
27,80,person,person,1
27,100,bowl,bowl,1
27,60,stool,lamp,0
27,30,airplane,airplane,1
27,100,cup,cup,1
27,80,table,table,1
27,50,chair,chair,1
27,80,bowl,cup,0
27,30,chair,chair,1
27,20,bowl,bowl,1
27,40,airplane,airplane,1
27,40,cup,cup,1
27,30,cup,cup,1
27,30,lamp,lamp,1
27,40,stool,lamp,0
27,60,airplane,airplane,1
27,50,cup,cup,1
27,50,bottle,bottle,1
27,30,table,table,1
27,80,airplane,airplane,1
27,60,bottle,bottle,1
27,100,stool,stool,1
27,40,person,person,1
27,50,airplane,airplane,1
27,100,table,table,1
27,50,table,table,1
27,30,bottle,bottle,1
27,20,person,person,1
28,60,person,person,1
28,20,stool,lamp,0
28,80,bottle,bottle,1
28,60,chair,chair,1
28,50,lamp,lamp,1
28,20,airplane,airplane,1
28,40,bowl,bowl,1
28,40,person,person,1
28,80,lamp,lamp,1
28,80,bowl,bowl,1
28,20,table,table,1
28,50,chair,chair,1
28,100,airplane,airplane,1
28,60,lamp,lamp,1
28,40,lamp,lamp,1
28,30,bottle,bottle,1
28,40,table,table,1
28,20,lamp,lamp,1
28,40,piano,table,0
28,40,stool,lamp,0
28,80,cup,bowl,0
28,30,piano,stool,0
28,50,airplane,airplane,1
28,30,table,table,1
28,100,lamp,lamp,1
28,30,chair,chair,1
28,50,stool,stool,1
28,30,airplane,airplane,1
28,80,piano,piano,1
28,20,bowl,bowl,1
28,50,table,table,1
28,100,cup,cup,1
28,60,airplane,airplane,1
28,60,bottle,bottle,1
28,20,bottle,bottle,1
28,20,person,person,1
28,40,airplane,airplane,1
28,100,bowl,bowl,1
28,60,stool,lamp,0
28,60,bowl,bowl,1
28,100,bottle,bottle,1
28,100,table,table,1
28,20,cup,cup,1
28,50,bottle,bottle,1
28,80,airplane,airplane,1
28,50,bowl,bowl,1
28,40,cup,cup,1
28,50,cup,cup,1
28,30,person,person,1
28,100,chair,chair,1
28,50,piano,piano,1
28,20,chair,chair,1
28,80,person,person,1
28,100,person,person,1
28,30,bowl,bowl,1
28,80,table,table,1
28,30,lamp,lamp,1
28,40,chair,chair,1
28,60,table,table,1
28,30,cup,bottle,0
28,60,cup,bottle,0
28,30,stool,stool,1
28,60,piano,chair,0
28,100,stool,stool,1
28,100,piano,piano,1
28,40,bottle,bottle,1
28,80,chair,chair,1
28,50,person,person,1
28,20,piano,table,0
28,80,stool,stool,1
29,20,stool,lamp,0
29,20,table,table,1
29,80,table,stool,0
29,50,bottle,bottle,1
29,100,bottle,bottle,1
29,100,lamp,lamp,1
29,100,person,person,1
29,50,cup,cup,1
29,60,lamp,lamp,1
29,40,airplane,airplane,1
29,60,piano,table,0
29,30,table,table,1
29,20,bowl,bowl,1
29,50,bowl,bowl,1
29,100,cup,cup,1
29,80,lamp,cup,0
29,30,lamp,lamp,1
29,60,table,table,1
29,60,cup,cup,1
29,40,chair,chair,1
29,80,airplane,airplane,1
29,100,table,table,1
29,80,chair,chair,1
29,80,bowl,bowl,1
29,30,person,person,1
29,60,bottle,bottle,1
29,40,lamp,lamp,1
29,20,bottle,bottle,1
29,100,stool,stool,1
29,60,stool,lamp,0
29,60,bowl,bowl,1
29,40,person,person,1
29,100,piano,chair,0
29,20,lamp,lamp,1
29,60,person,person,1
29,40,bottle,bottle,1
29,20,cup,cup,1
29,80,bottle,bottle,1
29,20,airplane,airplane,1
29,20,piano,piano,1
29,30,bottle,bottle,1
29,80,stool,stool,1
29,50,stool,stool,1
29,100,chair,chair,1
29,20,chair,chair,1
29,50,table,piano,0
29,80,cup,cup,1
29,30,bowl,bowl,1
29,30,chair,chair,1
29,80,person,person,1
29,30,stool,stool,1
29,30,airplane,airplane,1
29,50,airplane,airplane,1
29,60,chair,chair,1
29,40,stool,stool,1
29,40,piano,piano,1
29,100,bowl,bowl,1
29,50,lamp,lamp,1
29,50,person,person,1
29,30,cup,cup,1
29,30,piano,piano,1
29,40,cup,cup,1
29,80,piano,piano,1
29,100,airplane,airplane,1
29,60,airplane,airplane,1
29,50,chair,chair,1
29,40,table,piano,0
29,40,bowl,bowl,1
29,20,person,person,1
29,50,piano,piano,1
32,100,table,table,1
32,30,airplane,airplane,1
32,100,bowl,bowl,1
32,100,stool,stool,1
32,40,stool,stool,1
32,50,bottle,bottle,1
32,20,stool,lamp,0
32,20,person,person,1
32,40,bowl,bowl,1
32,80,cup,cup,1
32,100,bottle,bottle,1
32,30,bottle,bottle,1
32,50,lamp,lamp,1
32,20,cup,cup,1
32,80,bowl,bowl,1
32,50,stool,stool,1
32,100,piano,piano,1
32,40,chair,chair,1
32,100,airplane,airplane,1
32,80,stool,stool,1
32,40,lamp,lamp,1
32,80,chair,chair,1
32,50,airplane,airplane,1
32,60,bowl,bowl,1
32,80,person,person,1
32,20,table,table,1
32,50,piano,piano,1
32,80,bottle,bottle,1
32,40,piano,table,0
32,30,person,person,1
32,40,airplane,airplane,1
32,80,table,table,1
32,60,chair,chair,1
32,60,airplane,airplane,1
32,20,bowl,bowl,1
32,20,airplane,airplane,1
32,80,lamp,lamp,1
32,60,person,person,1
32,30,cup,cup,1
32,80,airplane,airplane,1
32,50,person,person,1
32,30,piano,table,0
32,50,bowl,bowl,1
32,50,chair,chair,1
32,30,chair,chair,1
32,40,bottle,bottle,1
32,40,cup,cup,1
32,40,person,person,1
32,20,piano,table,0
32,40,table,table,1
32,100,chair,chair,1
32,30,table,table,1
32,60,piano,piano,1
32,60,cup,cup,1
32,30,bowl,bowl,1
32,60,lamp,lamp,1
32,50,cup,cup,1
32,100,lamp,lamp,1
32,20,chair,chair,1
32,80,piano,piano,1
32,50,table,table,1
32,20,bottle,bottle,1
32,100,person,person,1
32,60,stool,lamp,0
32,60,table,table,1
32,30,stool,stool,1
32,100,cup,cup,1
32,60,bottle,bottle,1
32,30,lamp,lamp,1
32,20,lamp,lamp,1
33,20,airplane,airplane,1
33,30,bottle,airplane,0
33,80,bowl,airplane,0
33,30,chair,airplane,0
33,40,person,person,1
33,60,person,person,1
33,30,bowl,bowl,1
33,60,table,bowl,0
33,40,cup,bowl,0
33,50,stool,bowl,0
33,80,cup,bowl,0
33,60,piano,bowl,0
33,50,cup,bowl,0
33,50,bowl,bowl,1
33,100,bowl,bowl,1
33,20,cup,cup,1
33,100,table,cup,0
33,80,table,cup,0
33,50,bottle,bottle,1
33,80,person,bottle,0
33,30,cup,stool,0
33,100,piano,piano,1
33,20,bowl,bowl,1
33,100,cup,bowl,0
33,50,person,person,1
33,50,table,table,1
33,20,stool,lamp,0
33,20,chair,chair,1
33,100,airplane,airplane,1
33,100,lamp,lamp,1
33,30,airplane,airplane,1
33,40,chair,airplane,0
33,20,person,person,1
33,80,chair,person,0
33,80,bottle,person,0
33,20,bottle,bottle,1
33,100,chair,bottle,0
33,60,bottle,bottle,1
33,50,piano,bottle,0
33,40,bottle,bottle,1
33,80,piano,bottle,0
33,50,chair,bottle,0
33,30,person,person,1
33,80,stool,person,0
33,20,piano,chair,0
33,80,airplane,airplane,1
33,40,lamp,lamp,1
33,50,airplane,airplane,1
33,60,airplane,airplane,1
33,40,airplane,airplane,1
33,100,person,airplane,0
33,80,lamp,airplane,0
33,60,chair,lamp,0
33,40,stool,lamp,0
33,60,bowl,lamp,0
33,20,table,lamp,0
33,60,lamp,lamp,1
33,30,stool,stool,1
33,30,lamp,stool,0
33,100,bottle,stool,0
33,20,lamp,lamp,1
33,40,bowl,bowl,1
33,40,table,table,1
33,30,piano,chair,0
33,60,cup,cup,1
33,40,piano,cup,0
33,60,stool,cup,0
33,30,table,table,1
33,50,lamp,lamp,1
33,100,stool,lamp,0
34,60,bottle,bottle,1
34,20,person,person,1
34,80,bowl,bowl,1
34,50,person,person,1
34,100,airplane,airplane,1
34,20,table,table,1
34,40,person,person,1
34,80,cup,cup,1
34,80,bottle,bottle,1
34,100,stool,stool,1
34,100,table,table,1
34,30,table,table,1
34,30,airplane,airplane,1
34,20,airplane,airplane,1
34,40,airplane,airplane,1
34,50,piano,piano,1
34,60,cup,bowl,0
34,50,bowl,bowl,1
34,80,piano,piano,1
34,100,bottle,bottle,1
34,20,chair,chair,1
34,20,lamp,lamp,1
34,50,bottle,bottle,1
34,60,table,table,1
34,40,stool,stool,1
34,50,cup,bottle,0
34,40,cup,bowl,0
34,40,bottle,bottle,1
34,100,bowl,bowl,1
34,100,cup,cup,1
34,100,piano,piano,1
34,30,cup,cup,1
34,30,bowl,bowl,1
34,30,lamp,lamp,1
34,80,airplane,airplane,1
34,80,lamp,lamp,1
34,40,chair,chair,1
34,60,bowl,bowl,1
34,60,chair,chair,1
34,100,lamp,lamp,1
34,60,lamp,lamp,1
34,40,table,table,1
34,80,chair,chair,1
34,30,chair,chair,1
34,60,person,person,1
34,80,table,table,1
34,60,piano,piano,1
34,50,chair,chair,1
34,40,piano,piano,1
34,50,table,table,1
34,100,person,person,1
34,20,stool,stool,1
34,50,airplane,airplane,1
34,30,bottle,bottle,1
34,60,stool,stool,1
34,100,chair,chair,1
34,20,bottle,bottle,1
34,40,lamp,lamp,1
34,30,person,person,1
34,50,stool,stool,1
34,20,bowl,bowl,1
34,50,lamp,lamp,1
34,80,stool,stool,1
34,30,stool,stool,1
34,60,airplane,airplane,1
34,30,piano,piano,1
34,20,cup,cup,1
34,40,bowl,bowl,1
34,80,person,person,1
34,20,piano,piano,1
31,40,lamp,cup,0
31,80,bottle,bottle,1
31,80,chair,chair,1
31,30,piano,piano,1
31,50,person,person,1
31,40,stool,table,0
31,50,bowl,bowl,1
31,80,piano,piano,1
31,50,table,stool,0
31,60,cup,cup,1
31,20,person,person,1
31,40,person,person,1
31,60,table,table,1
31,80,stool,chair,0
31,50,airplane,airplane,1
31,100,airplane,airplane,1
31,30,chair,chair,1
31,40,airplane,airplane,1
31,30,cup,cup,1
31,100,piano,piano,1
31,50,cup,cup,1
31,30,airplane,airplane,1
31,100,bowl,bowl,1
31,100,lamp,lamp,1
31,30,person,person,1
31,100,stool,chair,0
31,40,bottle,bottle,1
31,30,lamp,lamp,1
31,50,chair,chair,1
31,40,table,table,1
31,20,bowl,bowl,1
31,100,cup,cup,1
31,20,stool,lamp,0
31,100,person,person,1
31,30,table,table,1
31,30,stool,chair,0
31,60,bowl,bowl,1
31,50,piano,piano,1
31,80,bowl,cup,0
31,60,airplane,airplane,1
31,20,lamp,lamp,1
31,30,bowl,bowl,1
31,20,bottle,bottle,1
31,20,chair,chair,1
31,20,airplane,airplane,1
31,20,piano,piano,1
31,100,bottle,bottle,1
31,40,piano,piano,1
31,40,bowl,bowl,1
31,80,lamp,lamp,1
31,60,person,person,1
31,80,table,table,1
31,80,person,person,1
31,60,piano,piano,1
31,60,lamp,lamp,1
31,80,cup,cup,1
31,50,bottle,bottle,1
31,40,cup,cup,1
31,50,stool,stool,1
31,60,stool,stool,1
31,50,lamp,lamp,1
31,40,chair,chair,1
31,100,table,table,1
31,20,cup,cup,1
31,60,chair,chair,1
31,60,bottle,bottle,1
31,20,table,table,1
31,80,airplane,airplane,1
31,30,bottle,bottle,1
31,100,chair,chair,1
35,30,airplane,airplane,1
35,40,cup,cup,1
35,100,chair,chair,1
35,100,bowl,bowl,1
35,50,stool,stool,1
35,20,table,piano,0
35,60,airplane,airplane,1
35,30,chair,chair,1
35,20,bowl,bowl,1
35,50,piano,piano,1
35,30,stool,stool,1
35,50,airplane,airplane,1
35,80,person,person,1
35,100,bottle,bottle,1
35,60,table,table,1
35,60,stool,lamp,0
35,30,piano,table,0
35,80,stool,stool,1
35,100,airplane,airplane,1
35,60,person,person,1
35,80,bottle,bottle,1
35,50,chair,chair,1
35,60,piano,piano,1
35,60,bowl,bowl,1
35,100,person,person,1
35,50,cup,cup,1
35,20,lamp,lamp,1
35,40,lamp,lamp,1
35,40,bowl,bowl,1
35,30,table,table,1
35,40,stool,stool,1
35,50,table,table,1
35,50,lamp,lamp,1
35,80,airplane,airplane,1
35,20,cup,cup,1
35,80,piano,piano,1
35,30,person,person,1
35,50,bowl,bowl,1
35,20,person,person,1
35,80,bowl,bowl,1
35,30,bottle,bottle,1
35,100,table,table,1
35,60,chair,chair,1
35,80,chair,chair,1
35,20,stool,stool,1
35,30,lamp,lamp,1
35,40,person,person,1
35,50,person,person,1
35,100,lamp,lamp,1
35,80,table,table,1
35,100,stool,stool,1
35,60,lamp,lamp,1
35,40,piano,piano,1
35,20,bottle,bottle,1
35,20,airplane,airplane,1
35,100,piano,piano,1
35,80,cup,cup,1
35,100,cup,cup,1
35,40,bottle,lamp,0
35,60,cup,cup,1
35,40,airplane,airplane,1
35,30,cup,cup,1
35,30,bowl,bowl,1
35,80,lamp,lamp,1
35,40,table,table,1
35,50,bottle,bottle,1
35,20,piano,piano,1
35,20,chair,chair,1
35,40,chair,chair,1
35,60,bottle,bottle,1
36,40,chair,chair,1
36,40,bowl,bowl,1
36,20,stool,stool,1
36,20,bottle,bottle,1
36,80,person,person,1
36,30,piano,piano,1
36,80,table,table,1
36,60,airplane,airplane,1
36,100,person,person,1
36,80,lamp,lamp,1
36,20,bowl,bowl,1
36,20,chair,chair,1
36,100,lamp,lamp,1
36,60,bottle,bottle,1
36,40,table,table,1
36,100,table,table,1
36,30,airplane,airplane,1
36,60,piano,chair,0
36,100,cup,cup,1
36,50,piano,piano,1
36,40,bottle,cup,0
36,50,cup,cup,1
36,80,chair,chair,1
36,50,stool,stool,1
36,80,bottle,bottle,1
36,40,airplane,airplane,1
36,40,lamp,cup,0
36,30,stool,stool,1
36,50,chair,chair,1
36,50,bottle,bottle,1
36,20,lamp,lamp,1
36,100,chair,chair,1
36,20,cup,cup,1
36,60,chair,stool,0
36,80,piano,piano,1
36,60,table,table,1
36,20,airplane,airplane,1
36,30,bowl,bowl,1
36,30,chair,chair,1
36,30,lamp,stool,0
36,50,bowl,bowl,1
36,60,cup,cup,1
36,20,piano,piano,1
36,60,stool,stool,1
36,30,table,table,1
36,60,bowl,bowl,1
36,60,lamp,lamp,1
36,80,stool,stool,1
36,50,table,table,1
36,20,table,table,1
36,30,cup,cup,1
36,100,bowl,cup,0
36,40,cup,cup,1
36,40,stool,stool,1
36,60,person,person,1
36,40,piano,piano,1
36,50,person,person,1
36,50,airplane,airplane,1
36,20,person,person,1
36,100,stool,stool,1
36,30,bottle,bottle,1
36,80,airplane,airplane,1
36,80,bowl,cup,0
36,80,cup,cup,1
36,100,bottle,bottle,1
36,100,piano,piano,1
36,30,person,person,1
36,50,lamp,lamp,1
36,40,person,person,1
36,100,airplane,airplane,1
37,40,airplane,airplane,1
37,50,chair,chair,1
37,30,chair,chair,1
37,40,bowl,bowl,1
37,60,bowl,bowl,1
37,100,table,table,1
37,30,person,person,1
37,60,cup,cup,1
37,100,person,person,1
37,20,chair,chair,1
37,20,bottle,bottle,1
37,80,stool,stool,1
37,50,bowl,bowl,1
37,40,piano,piano,1
37,100,piano,piano,1
37,20,airplane,airplane,1
37,80,airplane,airplane,1
37,60,chair,chair,1
37,50,bottle,bottle,1
37,60,lamp,lamp,1
37,30,table,table,1
37,20,bowl,bowl,1
37,50,airplane,airplane,1
37,40,cup,cup,1
37,100,stool,stool,1
37,100,airplane,airplane,1
37,30,cup,cup,1
37,50,person,person,1
37,50,table,table,1
37,60,bottle,bottle,1
37,40,table,table,1
37,30,lamp,lamp,1
37,20,lamp,lamp,1
37,80,chair,chair,1
37,80,cup,cup,1
37,100,bowl,bowl,1
37,40,person,person,1
37,100,chair,chair,1
37,50,lamp,lamp,1
37,60,person,person,1
37,60,table,table,1
37,20,stool,stool,1
37,80,lamp,lamp,1
37,20,table,table,1
37,100,lamp,lamp,1
37,80,bottle,bottle,1
37,30,stool,stool,1
37,80,person,person,1
37,80,piano,piano,1
37,30,bowl,bowl,1
37,50,piano,piano,1
37,20,person,person,1
37,30,piano,piano,1
37,100,cup,cup,1
37,40,lamp,lamp,1
37,50,stool,stool,1
37,20,cup,cup,1
37,40,stool,stool,1
37,50,cup,cup,1
37,60,piano,piano,1
37,30,airplane,airplane,1
37,80,table,table,1
37,40,chair,chair,1
37,100,bottle,bottle,1
37,40,bottle,bottle,1
37,30,bottle,bottle,1
37,60,airplane,airplane,1
37,60,stool,stool,1
37,20,piano,table,0
37,80,bowl,bowl,1
38,50,bowl,bowl,1
38,40,stool,stool,1
38,30,lamp,lamp,1
38,80,person,person,1
38,80,table,table,1
38,20,cup,cup,1
38,40,person,person,1
38,50,person,person,1
38,80,bottle,bottle,1
38,80,bowl,cup,0
38,100,stool,stool,1
38,20,stool,lamp,0
38,60,person,person,1
38,30,person,person,1
38,100,bowl,cup,0
38,60,piano,piano,1
38,20,piano,chair,0
38,40,airplane,airplane,1
38,80,cup,cup,1
38,20,chair,chair,1
38,100,bottle,bottle,1
38,20,bowl,bowl,1
38,50,cup,cup,1
38,40,table,table,1
38,100,person,person,1
38,40,bottle,bottle,1
38,50,airplane,airplane,1
38,80,piano,piano,1
38,30,cup,lamp,0
38,50,stool,stool,1
38,40,bowl,bowl,1
38,50,chair,chair,1
38,100,cup,cup,1
38,40,chair,chair,1
38,60,chair,chair,1
38,50,lamp,lamp,1
38,40,lamp,lamp,1
38,40,piano,piano,1
38,100,table,table,1
38,30,piano,chair,0
38,20,lamp,lamp,1
38,60,cup,cup,1
38,80,chair,chair,1
38,30,bottle,bottle,1
38,20,airplane,airplane,1
38,40,cup,cup,1
38,60,stool,lamp,0
38,20,bottle,bottle,1
38,100,lamp,lamp,1
38,60,lamp,lamp,1
38,60,bottle,bottle,1
38,50,table,table,1
38,100,chair,chair,1
38,20,person,person,1
38,80,lamp,lamp,1
38,80,airplane,airplane,1
38,30,chair,chair,1
38,30,bowl,bowl,1
38,30,airplane,airplane,1
38,30,stool,stool,1
38,80,stool,stool,1
38,50,bottle,bottle,1
38,50,piano,piano,1
38,60,bowl,bowl,1
38,100,piano,piano,1
38,60,airplane,airplane,1
38,30,table,piano,0
38,100,airplane,airplane,1
38,60,table,table,1
38,20,table,piano,0
39,80,stool,chair,0
39,100,person,person,1
39,40,airplane,airplane,1
39,100,table,table,1
39,100,cup,cup,1
39,60,stool,lamp,0
39,30,lamp,lamp,1
39,30,person,person,1
39,50,person,person,1
39,50,bottle,bottle,1
39,40,bowl,bowl,1
39,100,bottle,bottle,1
39,100,airplane,airplane,1
39,30,stool,stool,1
39,20,lamp,lamp,1
39,60,bowl,bowl,1
39,80,table,table,1
39,50,cup,cup,1
39,20,cup,cup,1
39,30,piano,piano,1
39,20,bottle,bottle,1
39,40,chair,chair,1
39,30,airplane,airplane,1
39,60,bottle,bottle,1
39,30,table,table,1
39,30,chair,chair,1
39,40,piano,piano,1
39,50,lamp,lamp,1
39,60,lamp,lamp,1
39,80,cup,cup,1
39,20,table,piano,0
39,80,piano,piano,1
39,60,piano,piano,1
39,20,airplane,airplane,1
39,80,bowl,cup,0
39,20,stool,chair,0
39,80,lamp,lamp,1
39,40,cup,cup,1
39,40,table,table,1
39,60,cup,cup,1
39,100,piano,piano,1
39,50,airplane,airplane,1
39,20,person,person,1
39,100,chair,chair,1
39,80,person,person,1
39,60,person,person,1
39,80,chair,chair,1
39,40,person,person,1
39,50,table,table,1
39,100,stool,stool,1
39,20,chair,chair,1
39,60,airplane,airplane,1
39,40,lamp,lamp,1
39,30,cup,cup,1
39,40,bottle,cup,0
39,100,bowl,cup,0
39,40,stool,stool,1
39,100,lamp,lamp,1
39,30,bottle,bowl,0
39,50,bowl,bowl,1
39,30,bowl,bowl,1
39,80,airplane,airplane,1
39,50,piano,piano,1
39,20,bowl,bottle,0
39,50,stool,stool,1
39,50,chair,chair,1
39,60,chair,chair,1
39,80,bottle,bottle,1
39,20,piano,piano,1
39,60,table,table,1
41,20,lamp,lamp,1
41,50,stool,stool,1
41,50,lamp,lamp,1
41,50,bottle,bottle,1
41,20,cup,cup,1
41,80,bowl,bowl,1
41,80,airplane,airplane,1
41,80,person,person,1
41,100,bottle,bottle,1
41,20,bowl,bowl,1
41,30,cup,cup,1
41,30,table,table,1
41,40,person,person,1
41,60,piano,table,0
41,100,table,table,1
41,60,person,person,1
41,100,lamp,lamp,1
41,80,stool,stool,1
41,30,chair,chair,1
41,100,bowl,bowl,1
41,20,table,table,1
41,60,cup,cup,1
41,50,chair,chair,1
41,80,cup,bowl,0
41,30,airplane,airplane,1
41,40,table,table,1
41,40,bowl,bowl,1
41,20,chair,chair,1
41,50,cup,cup,1
41,60,table,table,1
41,30,bottle,bottle,1
41,80,bottle,bottle,1
41,80,table,piano,0
41,60,chair,chair,1
41,100,airplane,airplane,1
41,50,table,table,1
41,60,stool,lamp,0
41,60,airplane,airplane,1
41,80,chair,chair,1
41,80,piano,piano,1
41,100,piano,piano,1
41,100,chair,chair,1
41,100,person,person,1
41,30,bowl,bowl,1
41,20,piano,chair,0
41,40,cup,cup,1
41,40,piano,piano,1
41,60,bottle,bottle,1
41,40,lamp,lamp,1
41,30,stool,stool,1
41,20,airplane,airplane,1
41,40,chair,chair,1
41,50,person,person,1
41,20,bottle,bottle,1
41,80,lamp,lamp,1
41,30,piano,table,0
41,60,lamp,lamp,1
41,50,bowl,bowl,1
41,20,stool,lamp,0
41,100,cup,cup,1
41,30,person,person,1
41,40,bottle,bottle,1
41,50,piano,piano,1
41,20,person,person,1
41,40,airplane,airplane,1
41,40,stool,lamp,0
41,50,airplane,airplane,1
41,30,lamp,lamp,1
41,100,stool,stool,1
41,60,bowl,bowl,1
42,50,cup,cup,1
42,50,piano,piano,1
42,80,lamp,lamp,1
42,100,bottle,bottle,1
42,100,airplane,airplane,1
42,100,bowl,bowl,1
42,50,airplane,airplane,1
42,40,bottle,cup,0
42,60,stool,lamp,0
42,60,piano,piano,1
42,40,bowl,bowl,1
42,40,lamp,lamp,1
42,80,bowl,bowl,1
42,20,chair,chair,1
42,20,airplane,airplane,1
42,20,piano,piano,1
42,50,table,table,1
42,30,stool,stool,1
42,80,person,person,1
42,40,table,table,1
42,80,chair,chair,1
42,30,piano,piano,1
42,100,table,table,1
42,30,chair,chair,1
42,80,piano,piano,1
42,30,airplane,airplane,1
42,100,lamp,lamp,1
42,40,chair,chair,1
42,60,bowl,bowl,1
42,80,table,table,1
42,30,lamp,lamp,1
42,100,person,person,1
42,20,lamp,lamp,1
42,40,cup,cup,1
42,80,cup,cup,1
42,40,piano,piano,1
42,40,person,person,1
42,30,bottle,bottle,1
42,50,person,person,1
42,20,cup,cup,1
42,100,cup,cup,1
42,60,bottle,bottle,1
42,30,person,person,1
42,60,lamp,lamp,1
42,80,bottle,bottle,1
42,20,person,person,1
42,20,bottle,bottle,1
42,60,table,table,1
42,80,stool,stool,1
42,100,piano,piano,1
42,100,chair,chair,1
42,60,cup,cup,1
42,40,stool,stool,1
42,60,chair,chair,1
42,60,airplane,airplane,1
42,20,bowl,bowl,1
42,30,bowl,bowl,1
42,20,stool,stool,1
42,50,bowl,bowl,1
42,30,table,table,1
42,50,lamp,lamp,1
42,40,airplane,airplane,1
42,20,table,piano,0
42,50,bottle,bottle,1
42,30,cup,cup,1
42,80,airplane,airplane,1
42,60,person,person,1
42,50,chair,chair,1
42,100,stool,stool,1
42,50,stool,stool,1
44,60,table,table,1
44,60,piano,piano,1
44,60,chair,chair,1
44,100,lamp,lamp,1
44,50,table,table,1
44,30,stool,stool,1
44,60,cup,bottle,0
44,60,bowl,bowl,1
44,100,piano,piano,1
44,50,airplane,airplane,1
44,80,stool,stool,1
44,100,stool,stool,1
44,80,cup,bowl,0
44,20,bottle,bottle,1
44,40,stool,stool,1
44,30,lamp,lamp,1
44,30,piano,stool,0
44,50,chair,chair,1
44,30,bowl,bowl,1
44,80,table,table,1
44,80,airplane,airplane,1
44,40,cup,cup,1
44,20,bowl,bowl,1
44,100,table,chair,0
44,50,bowl,bowl,1
44,40,bowl,bowl,1
44,20,chair,chair,1
44,20,piano,table,0
44,30,person,person,1
44,20,stool,lamp,0
44,60,person,person,1
44,100,bowl,bowl,1
44,80,chair,chair,1
44,100,person,person,1
44,40,person,person,1
44,40,piano,stool,0
44,40,bottle,bottle,1
44,30,bottle,bottle,1
44,50,person,person,1
44,30,table,table,1
44,20,lamp,lamp,1
44,20,person,person,1
44,40,table,table,1
44,40,airplane,airplane,1
44,80,bowl,bowl,1
44,40,lamp,lamp,1
44,30,chair,chair,1
44,60,bottle,bottle,1
44,20,cup,cup,1
44,100,airplane,airplane,1
44,50,piano,piano,1
44,30,airplane,airplane,1
44,100,bottle,bottle,1
44,50,cup,cup,1
44,50,lamp,lamp,1
44,60,lamp,lamp,1
44,30,cup,bottle,0
44,50,bottle,bottle,1
44,20,table,table,1
44,100,cup,cup,1
44,40,chair,chair,1
44,100,chair,chair,1
44,80,lamp,lamp,1
44,60,airplane,airplane,1
44,50,stool,stool,1
44,60,stool,lamp,0
44,80,bottle,bottle,1
44,80,person,person,1
44,20,airplane,airplane,1
44,80,piano,piano,1
46,100,person,person,1
46,100,table,table,1
46,50,stool,chair,0
46,40,person,person,1
46,50,table,table,1
46,100,stool,stool,1
46,20,bottle,bottle,1
46,40,lamp,lamp,1
46,20,cup,cup,1
46,80,chair,chair,1
46,20,lamp,lamp,1
46,80,table,table,1
46,40,airplane,airplane,1
46,30,person,person,1
46,80,stool,stool,1
46,60,table,table,1
46,20,bowl,bowl,1
46,100,cup,cup,1
46,40,chair,chair,1
46,60,chair,chair,1
46,40,table,table,1
46,80,piano,piano,1
46,30,chair,chair,1
46,80,bottle,bottle,1
46,30,lamp,chair,0
46,60,cup,cup,1
46,100,piano,piano,1
46,50,bottle,bottle,1
46,30,piano,piano,1
46,30,airplane,airplane,1
46,100,chair,chair,1
46,40,stool,stool,1
46,50,person,person,1
46,20,table,table,1
46,60,piano,piano,1
46,80,person,person,1
46,40,bottle,bottle,1
46,30,cup,bottle,0
46,50,cup,cup,1
46,40,cup,cup,1
46,20,chair,piano,0
46,100,bottle,bottle,1
46,30,bowl,bowl,1
46,50,chair,chair,1
46,20,stool,stool,1
46,80,airplane,airplane,1
46,20,person,person,1
46,20,piano,piano,1
46,40,bowl,bowl,1
46,30,table,table,1
46,60,bottle,bottle,1
46,60,stool,stool,1
46,100,lamp,lamp,1
46,60,person,person,1
46,50,airplane,airplane,1
46,60,bowl,bowl,1
46,80,cup,cup,1
46,100,bowl,bowl,1
46,30,stool,stool,1
46,50,bowl,bowl,1
46,20,airplane,airplane,1
46,60,lamp,lamp,1
46,60,airplane,airplane,1
46,30,bottle,bottle,1
46,40,piano,piano,1
46,100,airplane,airplane,1
46,80,bowl,cup,0
46,50,lamp,lamp,1
46,50,piano,piano,1
46,80,lamp,lamp,1
47,100,piano,piano,1
47,100,cup,cup,1
47,80,piano,piano,1
47,60,piano,stool,0
47,40,person,person,1
47,100,table,table,1
47,50,stool,stool,1
47,20,person,person,1
47,20,bottle,bottle,1
47,20,airplane,airplane,1
47,20,chair,chair,1
47,80,airplane,airplane,1
47,100,chair,chair,1
47,50,cup,cup,1
47,80,table,table,1
47,100,stool,stool,1
47,40,airplane,airplane,1
47,20,bowl,bowl,1
47,50,bowl,bowl,1
47,60,person,person,1
47,80,bowl,bowl,1
47,20,table,table,1
47,100,lamp,lamp,1
47,30,chair,chair,1
47,100,bottle,bottle,1
47,40,lamp,lamp,1
47,100,bowl,bowl,1
47,60,stool,lamp,0
47,20,piano,piano,1
47,30,person,person,1
47,40,bottle,lamp,0
47,40,stool,lamp,0
47,20,cup,cup,1
47,50,person,person,1
47,40,table,chair,0
47,50,airplane,airplane,1
47,30,bottle,bottle,1
47,80,person,person,1
47,60,table,table,1
47,80,bottle,bottle,1
47,50,table,table,1
47,60,cup,cup,1
47,80,cup,cup,1
47,20,stool,stool,1
47,60,chair,chair,1
47,60,bottle,bottle,1
47,30,cup,lamp,0
47,100,person,person,1
47,80,stool,stool,1
47,50,piano,piano,1
47,80,lamp,lamp,1
47,30,piano,airplane,0
47,30,stool,stool,1
47,40,bowl,bowl,1
47,50,lamp,lamp,1
47,50,chair,chair,1
47,30,lamp,lamp,1
47,40,piano,piano,1
47,50,bottle,bottle,1
47,60,bowl,bowl,1
47,40,chair,chair,1
47,80,chair,chair,1
47,30,table,piano,0
47,40,cup,cup,1
47,60,airplane,airplane,1
47,100,airplane,airplane,1
47,30,airplane,airplane,1
47,20,lamp,lamp,1
47,30,bowl,bowl,1
47,60,lamp,lamp,1
50,60,stool,lamp,0
50,80,cup,cup,1
50,100,lamp,lamp,1
50,40,piano,table,0
50,60,bowl,bowl,1
50,60,airplane,airplane,1
50,20,airplane,airplane,1
50,80,table,table,1
50,40,bottle,bottle,1
50,20,person,person,1
50,30,airplane,airplane,1
50,20,cup,cup,1
50,60,chair,chair,1
50,50,lamp,lamp,1
50,40,chair,chair,1
50,40,airplane,airplane,1
50,60,bottle,bottle,1
50,50,bottle,bottle,1
50,30,lamp,lamp,1
50,30,table,table,1
50,80,bowl,bowl,1
50,50,bowl,bowl,1
50,20,table,table,1
50,100,piano,piano,1
50,40,stool,stool,1
50,30,piano,table,0
50,40,table,table,1
50,80,stool,stool,1
50,20,bottle,bottle,1
50,30,cup,bottle,0
50,30,person,person,1
50,40,cup,cup,1
50,30,stool,stool,1
50,30,bottle,bottle,1
50,20,stool,stool,1
50,100,table,table,1
50,50,stool,stool,1
50,100,stool,stool,1
50,20,lamp,lamp,1
50,40,person,person,1
50,50,airplane,airplane,1
50,80,piano,piano,1
50,80,person,person,1
50,30,bowl,bowl,1
50,100,cup,cup,1
50,60,lamp,lamp,1
50,50,chair,chair,1
50,80,airplane,airplane,1
50,50,cup,cup,1
50,40,bowl,bowl,1
50,20,bowl,bowl,1
50,50,piano,piano,1
50,80,chair,chair,1
50,30,chair,chair,1
50,80,lamp,lamp,1
50,50,person,person,1
50,50,table,table,1
50,60,person,person,1
50,100,person,person,1
50,100,bottle,bottle,1
50,40,lamp,lamp,1
50,20,chair,chair,1
50,60,piano,piano,1
50,100,bowl,cup,0
50,100,airplane,airplane,1
50,20,piano,piano,1
50,100,chair,chair,1
50,60,cup,cup,1
50,80,bottle,bottle,1
50,60,table,table,1
51,80,person,person,1
51,50,stool,stool,1
51,80,bottle,bottle,1
51,20,piano,person,0
51,20,chair,chair,1
51,40,chair,chair,1
51,30,stool,stool,1
51,60,piano,piano,1
51,60,cup,cup,1
51,40,cup,cup,1
51,100,bottle,bottle,1
51,50,airplane,airplane,1
51,80,bowl,bowl,1
51,50,cup,cup,1
51,30,bottle,bottle,1
51,60,person,person,1
51,20,bowl,bowl,1
51,50,chair,chair,1
51,100,piano,piano,1
51,100,cup,cup,1
51,80,chair,chair,1
51,60,table,table,1
51,50,lamp,lamp,1
51,60,airplane,airplane,1
51,30,airplane,airplane,1
51,20,lamp,lamp,1
51,50,piano,table,0
51,60,stool,lamp,0
51,30,chair,chair,1
51,100,person,person,1
51,100,lamp,lamp,1
51,50,table,table,1
51,30,bowl,bowl,1
51,100,bowl,bowl,1
51,100,airplane,airplane,1
51,30,piano,table,0
51,20,table,table,1
51,30,person,person,1
51,100,table,table,1
51,50,person,table,0
51,100,chair,table,0
51,30,lamp,lamp,1
51,80,piano,piano,1
51,60,chair,piano,0
51,40,table,chair,0
51,20,airplane,airplane,1
51,80,airplane,airplane,1
51,60,lamp,airplane,0
51,50,bowl,airplane,0
51,80,cup,airplane,0
51,40,stool,lamp,0
51,30,table,table,1
51,20,stool,stool,1
51,100,stool,stool,1
51,50,bottle,bottle,1
51,20,bottle,bottle,1
51,80,stool,bottle,0
51,40,bowl,bowl,1
51,60,bottle,bottle,1
51,20,person,person,1
51,80,table,person,0
51,80,lamp,lamp,1
51,40,piano,lamp,0
51,40,lamp,lamp,1
51,40,bottle,bottle,1
51,20,cup,cup,1
51,40,person,person,1
51,40,airplane,airplane,1
51,60,bowl,bowl,1
51,30,cup,cup,1
52,30,table,table,1
52,30,piano,piano,1
52,60,chair,chair,1
52,100,cup,cup,1
52,30,chair,chair,1
52,80,table,table,1
52,20,piano,piano,1
52,80,person,person,1
52,100,person,person,1
52,60,lamp,lamp,1
52,50,cup,cup,1
52,50,stool,stool,1
52,40,table,table,1
52,20,chair,chair,1
52,60,table,table,1
52,80,airplane,airplane,1
52,60,bottle,bottle,1
52,60,cup,cup,1
52,80,stool,stool,1
52,20,cup,cup,1
52,20,lamp,lamp,1
52,40,piano,piano,1
52,80,piano,piano,1
52,50,bowl,bowl,1
52,80,cup,cup,1
52,100,table,table,1
52,50,piano,piano,1
52,100,lamp,lamp,1
52,50,airplane,airplane,1
52,100,stool,stool,1
52,40,cup,cup,1
52,60,person,person,1
52,30,lamp,lamp,1
52,40,bottle,bottle,1
52,80,lamp,lamp,1
52,100,bottle,bottle,1
52,40,bowl,bowl,1
52,80,chair,chair,1
52,40,chair,chair,1
52,100,chair,chair,1
52,30,bottle,bottle,1
52,40,airplane,airplane,1
52,30,airplane,airplane,1
52,30,stool,stool,1
52,100,piano,piano,1
52,50,lamp,lamp,1
52,100,bowl,bowl,1
52,20,airplane,airplane,1
52,40,person,person,1
52,60,airplane,airplane,1
52,50,person,person,1
52,60,bowl,bowl,1
52,60,piano,piano,1
52,50,table,table,1
52,30,bowl,bowl,1
52,20,bottle,bottle,1
52,80,bottle,bottle,1
52,20,stool,stool,1
52,20,person,person,1
52,40,stool,stool,1
52,20,table,piano,0
52,100,airplane,airplane,1
52,40,lamp,lamp,1
52,20,bowl,bottle,0
52,30,person,person,1
52,80,bowl,cup,0
52,50,chair,chair,1
52,50,bottle,bottle,1
52,30,cup,cup,1
52,60,stool,stool,1
53,100,bowl,bowl,1
53,60,bowl,table,0
53,20,table,table,1
53,100,chair,chair,1
53,30,airplane,airplane,1
53,50,bowl,bowl,1
53,100,piano,piano,1
53,20,cup,cup,1
53,80,person,person,1
53,20,person,person,1
53,100,bottle,bottle,1
53,50,table,table,1
53,40,bottle,bottle,1
53,50,stool,stool,1
53,20,bowl,bowl,1
53,50,piano,piano,1
53,50,airplane,airplane,1
53,60,piano,piano,1
53,60,airplane,airplane,1
53,60,table,table,1
53,40,chair,chair,1
53,100,lamp,lamp,1
53,20,airplane,airplane,1
53,40,stool,stool,1
53,80,stool,stool,1
53,30,bowl,bowl,1
53,30,table,table,1
53,20,lamp,lamp,1
53,60,person,person,1
53,80,table,piano,0
53,40,bowl,bowl,1
53,80,lamp,lamp,1
53,80,chair,chair,1
53,30,lamp,lamp,1
53,30,stool,stool,1
53,40,cup,cup,1
53,100,airplane,airplane,1
53,30,person,person,1
53,30,bottle,bottle,1
53,30,cup,bottle,0
53,20,chair,chair,1
53,50,chair,chair,1
53,40,person,person,1
53,80,piano,piano,1
53,80,airplane,airplane,1
53,100,cup,cup,1
53,20,piano,table,0
53,50,cup,cup,1
53,60,stool,lamp,0
53,40,piano,table,0
53,20,stool,lamp,0
53,60,lamp,lamp,1
53,40,airplane,airplane,1
53,100,table,table,1
53,100,person,person,1
53,50,lamp,lamp,1
53,100,stool,stool,1
53,60,cup,cup,1
53,30,piano,table,0
53,30,chair,chair,1
53,80,cup,cup,1
53,20,bottle,bottle,1
53,60,chair,chair,1
53,80,bowl,cup,0
53,40,lamp,lamp,1
53,80,bottle,bottle,1
53,40,table,stool,0
53,50,person,person,1
53,50,bottle,bottle,1
53,60,bottle,bottle,1
54,50,stool,stool,1
54,20,stool,lamp,0
54,80,stool,stool,1
54,60,piano,table,0
54,60,chair,chair,1
54,50,piano,airplane,0
54,100,stool,stool,1
54,100,person,person,1
54,50,person,person,1
54,50,airplane,airplane,1
54,80,bowl,cup,0
54,60,cup,cup,1
54,20,bottle,bottle,1
54,40,bowl,bowl,1
54,40,bottle,cup,0
54,20,bowl,bowl,1
54,30,table,table,1
54,30,lamp,lamp,1
54,100,cup,cup,1
54,60,stool,lamp,0
54,40,piano,piano,1
54,50,cup,cup,1
54,40,table,table,1
54,20,piano,piano,1
54,50,table,table,1
54,30,chair,chair,1
54,80,airplane,airplane,1
54,60,bowl,bowl,1
54,80,table,table,1
54,50,bowl,bowl,1
54,60,bottle,bottle,1
54,40,stool,lamp,0
54,50,lamp,lamp,1
54,100,bottle,bowl,0
54,40,person,person,1
54,30,stool,stool,1
54,20,chair,chair,1
54,40,cup,cup,1
54,60,airplane,airplane,1
54,50,chair,chair,1
54,40,airplane,airplane,1
54,20,lamp,lamp,1
54,20,table,table,1
54,100,lamp,lamp,1
54,30,airplane,airplane,1
54,100,piano,piano,1
54,100,chair,chair,1
54,80,piano,piano,1
54,40,chair,chair,1
54,20,person,person,1
54,100,bowl,bowl,1
54,50,bottle,bottle,1
54,30,piano,table,0
54,80,chair,chair,1
54,80,person,person,1
54,60,person,person,1
54,30,bottle,bottle,1
54,30,bowl,bowl,1
54,60,lamp,lamp,1
54,30,cup,cup,1
54,40,lamp,lamp,1
54,30,person,person,1
54,100,airplane,airplane,1
54,80,cup,cup,1
54,20,cup,cup,1
54,20,airplane,airplane,1
54,60,table,table,1
54,100,table,table,1
54,80,lamp,lamp,1
54,80,bottle,bottle,1
55,30,piano,airplane,0
55,40,chair,chair,1
55,40,person,lamp,0
55,20,lamp,lamp,1
55,30,chair,chair,1
55,100,bottle,bottle,1
55,20,bowl,bowl,1
55,40,lamp,lamp,1
55,30,bowl,bowl,1
55,60,bottle,bottle,1
55,100,piano,piano,1
55,60,table,table,1
55,80,chair,chair,1
55,100,table,table,1
55,30,table,table,1
55,20,piano,airplane,0
55,20,chair,chair,1
55,50,cup,cup,1
55,80,bottle,bottle,1
55,100,stool,stool,1
55,30,airplane,airplane,1
55,60,stool,lamp,0
55,40,cup,cup,1
55,80,cup,cup,1
55,100,cup,cup,1
55,30,cup,chair,0
55,80,airplane,airplane,1
55,20,bottle,bottle,1
55,60,lamp,lamp,1
55,20,table,table,1
55,60,airplane,airplane,1
55,40,bowl,bowl,1
55,50,bottle,bottle,1
55,40,table,table,1
55,100,airplane,airplane,1
55,100,lamp,lamp,1
55,50,person,person,1
55,80,person,person,1
55,50,airplane,airplane,1
55,60,bowl,bowl,1
55,80,stool,stool,1
55,30,person,person,1
55,50,lamp,lamp,1
55,40,airplane,airplane,1
55,100,chair,chair,1
55,80,table,table,1
55,50,bowl,bowl,1
55,60,piano,piano,1
55,100,bowl,cup,0
55,100,person,person,1
55,80,piano,piano,1
55,50,chair,chair,1
55,50,piano,piano,1
55,40,bottle,bottle,1
55,50,stool,stool,1
55,80,lamp,lamp,1
55,20,person,person,1
55,20,cup,cup,1
55,60,person,person,1
55,20,stool,stool,1
55,40,piano,piano,1
55,30,bottle,bottle,1
55,20,airplane,airplane,1
55,60,chair,chair,1
55,60,cup,cup,1
55,50,table,table,1
55,40,stool,stool,1
55,30,lamp,lamp,1
55,30,stool,stool,1
55,80,bowl,cup,0
56,80,table,table,1
56,30,person,person,1
56,100,piano,piano,1
56,50,cup,cup,1
56,40,piano,table,0
56,30,chair,chair,1
56,50,person,person,1
56,30,cup,stool,0
56,40,bowl,bowl,1
56,30,lamp,lamp,1
56,30,piano,stool,0
56,60,stool,lamp,0
56,100,cup,cup,1
56,80,airplane,airplane,1
56,20,airplane,airplane,1
56,20,stool,lamp,0
56,100,lamp,lamp,1
56,40,bottle,bottle,1
56,60,bottle,bottle,1
56,80,piano,piano,1
56,60,table,table,1
56,60,piano,piano,1
56,100,chair,chair,1
56,60,bowl,bowl,1
56,100,bottle,bottle,1
56,40,airplane,airplane,1
56,40,cup,bottle,0
56,100,stool,stool,1
56,20,piano,table,0
56,20,bottle,bottle,1
56,80,person,person,1
56,50,airplane,airplane,1
56,50,stool,stool,1
56,80,lamp,lamp,1
56,20,person,person,1
56,60,airplane,airplane,1
56,50,lamp,lamp,1
56,100,person,person,1
56,80,cup,cup,1
56,50,piano,piano,1
56,50,bottle,bottle,1
56,100,table,table,1
56,60,lamp,lamp,1
56,20,table,table,1
56,30,bottle,bottle,1
56,40,person,person,1
56,80,chair,chair,1
56,20,cup,cup,1
56,40,stool,chair,0
56,20,chair,chair,1
56,80,stool,stool,1
56,60,person,person,1
56,30,airplane,airplane,1
56,60,chair,chair,1
56,80,bottle,bottle,1
56,40,lamp,lamp,1
56,100,bowl,cup,0
56,30,bowl,bowl,1
56,60,cup,bottle,0
56,30,stool,stool,1
56,20,lamp,lamp,1
56,30,table,table,1
56,80,bowl,cup,0
56,20,bowl,bowl,1
56,50,chair,chair,1
56,40,chair,chair,1
56,50,table,table,1
56,40,table,table,1
56,50,bowl,bowl,1
56,100,airplane,airplane,1
58,50,cup,cup,1
58,60,piano,piano,1
58,20,person,person,1
58,20,lamp,lamp,1
58,100,bottle,bottle,1
58,50,stool,stool,1
58,100,airplane,airplane,1
58,20,bottle,bottle,1
58,30,piano,piano,1
58,80,table,table,1
58,100,person,person,1
58,100,chair,chair,1
58,20,chair,chair,1
58,30,bottle,bottle,1
58,80,stool,stool,1
58,40,piano,table,0
58,80,cup,cup,1
58,60,bowl,bowl,1
58,30,chair,chair,1
58,40,chair,chair,1
58,100,stool,stool,1
58,100,bowl,bowl,1
58,60,airplane,airplane,1
58,100,lamp,lamp,1
58,60,table,table,1
58,50,chair,chair,1
58,60,lamp,lamp,1
58,40,lamp,lamp,1
58,20,bowl,bowl,1
58,80,chair,chair,1
58,50,airplane,airplane,1
58,80,bowl,cup,0
58,80,piano,piano,1
58,30,person,person,1
58,100,table,table,1
58,100,cup,cup,1
58,30,bowl,bowl,1
58,40,cup,cup,1
58,50,lamp,lamp,1
58,50,bowl,bowl,1
58,80,airplane,airplane,1
58,80,lamp,lamp,1
58,20,piano,piano,1
58,20,cup,cup,1
58,30,table,table,1
58,30,stool,stool,1
58,40,stool,lamp,0
58,50,piano,piano,1
58,40,bowl,bowl,1
58,30,airplane,airplane,1
58,40,person,person,1
58,60,bottle,bottle,1
58,80,bottle,bottle,1
58,100,piano,piano,1
58,60,stool,lamp,0
58,60,person,person,1
58,50,person,person,1
58,40,table,table,1
58,80,person,person,1
58,40,airplane,airplane,1
58,20,stool,lamp,0
58,20,table,table,1
58,30,cup,cup,1
58,60,chair,chair,1
58,50,table,table,1
58,20,airplane,airplane,1
58,40,bottle,bottle,1
58,60,cup,cup,1
58,50,bottle,bottle,1
58,30,lamp,lamp,1
60,40,bottle,bottle,1
60,40,piano,piano,1
60,60,lamp,lamp,1
60,20,stool,stool,1
60,20,bowl,bowl,1
60,50,stool,stool,1
60,80,stool,stool,1
60,40,person,person,1
60,60,stool,lamp,0
60,20,chair,chair,1
60,50,chair,chair,1
60,100,chair,chair,1
60,60,bowl,bowl,1
60,50,airplane,airplane,1
60,100,person,person,1
60,30,chair,chair,1
60,100,bowl,bowl,1
60,50,lamp,lamp,1
60,50,person,person,1
60,80,bowl,cup,0
60,20,table,table,1
60,60,chair,chair,1
60,20,lamp,lamp,1
60,40,table,table,1
60,40,chair,chair,1
60,50,bowl,bowl,1
60,80,chair,chair,1
60,40,airplane,airplane,1
60,80,bottle,bottle,1
60,60,table,table,1
60,100,lamp,lamp,1
60,20,person,person,1
60,80,person,person,1
60,100,stool,stool,1
60,40,cup,cup,1
60,40,bowl,bowl,1
60,30,piano,table,0
60,50,piano,piano,1
60,40,stool,lamp,0
60,80,airplane,airplane,1
60,60,cup,cup,1
60,60,bottle,bottle,1
60,80,cup,cup,1
60,60,airplane,airplane,1
60,20,cup,cup,1
60,30,stool,stool,1
60,20,airplane,airplane,1
60,20,piano,chair,0
60,100,piano,piano,1
60,30,person,person,1
60,50,cup,cup,1
60,80,table,table,1
60,40,lamp,lamp,1
60,30,airplane,airplane,1
60,50,table,table,1
60,30,bowl,bowl,1
60,30,lamp,lamp,1
60,50,bottle,bottle,1
60,100,cup,cup,1
60,30,bottle,bottle,1
60,100,table,table,1
60,60,piano,piano,1
60,20,bottle,bottle,1
60,80,lamp,lamp,1
60,80,piano,piano,1
60,30,table,table,1
60,100,bottle,bottle,1
60,30,cup,cup,1
60,60,person,person,1
60,100,airplane,airplane,1
61,40,airplane,airplane,1
61,40,stool,stool,1
61,60,table,table,1
61,80,lamp,lamp,1
61,50,stool,stool,1
61,60,piano,piano,1
61,30,piano,bowl,0
61,50,table,table,1
61,40,cup,cup,1
61,40,table,table,1
61,50,bowl,bowl,1
61,80,table,table,1
61,30,table,piano,0
61,60,stool,stool,1
61,60,bottle,bottle,1
61,60,cup,cup,1
61,60,chair,chair,1
61,100,piano,piano,1
61,30,bowl,bowl,1
61,50,lamp,lamp,1
61,80,cup,cup,1
61,60,lamp,lamp,1
61,20,cup,cup,1
61,40,person,person,1
61,30,cup,cup,1
61,100,airplane,airplane,1
61,40,chair,chair,1
61,100,bowl,bowl,1
61,20,person,person,1
61,30,chair,chair,1
61,80,piano,piano,1
61,100,person,person,1
61,80,bottle,bottle,1
61,30,lamp,lamp,1
61,50,cup,cup,1
61,50,bottle,bottle,1
61,80,bowl,cup,0
61,60,person,person,1
61,30,airplane,airplane,1
61,30,bottle,bottle,1
61,100,table,table,1
61,50,piano,piano,1
61,40,bottle,bottle,1
61,80,stool,stool,1
61,100,lamp,lamp,1
61,80,airplane,airplane,1
61,50,person,person,1
61,80,person,person,1
61,20,piano,piano,1
61,40,bowl,bowl,1
61,20,bottle,bottle,1
61,80,chair,chair,1
61,20,chair,chair,1
61,60,airplane,airplane,1
61,40,lamp,lamp,1
61,100,cup,cup,1
61,20,stool,stool,1
61,20,bowl,bowl,1
61,60,bowl,bowl,1
61,20,airplane,airplane,1
61,100,bottle,bottle,1
61,30,stool,stool,1
61,50,airplane,airplane,1
61,30,person,person,1
61,20,table,person,0
61,100,chair,chair,1
61,20,lamp,lamp,1
61,40,piano,person,0
61,50,chair,chair,1
61,100,stool,stool,1
62,100,person,person,1
62,100,chair,chair,1
62,50,stool,stool,1
62,30,stool,table,0
62,100,table,table,1
62,80,bottle,bottle,1
62,80,lamp,lamp,1
62,40,piano,table,0
62,50,person,person,1
62,50,piano,piano,1
62,20,person,person,1
62,40,lamp,lamp,1
62,30,bottle,bottle,1
62,20,chair,chair,1
62,60,person,person,1
62,80,piano,piano,1
62,60,lamp,lamp,1
62,80,bowl,bowl,1
62,100,bottle,bottle,1
62,50,table,table,1
62,60,bottle,bottle,1
62,80,chair,chair,1
62,30,lamp,lamp,1
62,100,piano,piano,1
62,30,piano,stool,0
62,20,piano,table,0
62,50,lamp,lamp,1
62,40,airplane,airplane,1
62,80,stool,lamp,0
62,40,cup,cup,1
62,60,chair,chair,1
62,60,cup,cup,1
62,30,cup,cup,1
62,20,lamp,lamp,1
62,20,table,table,1
62,40,chair,chair,1
62,20,bottle,bottle,1
62,60,table,table,1
62,50,cup,cup,1
62,100,cup,cup,1
62,40,bowl,bowl,1
62,40,bottle,bottle,1
62,30,airplane,airplane,1
62,60,airplane,airplane,1
62,30,bowl,bowl,1
62,80,person,person,1
62,40,stool,chair,0
62,100,lamp,lamp,1
62,60,bowl,bowl,1
62,20,stool,stool,1
62,60,stool,lamp,0
62,100,bowl,bowl,1
62,30,table,table,1
62,20,bowl,bowl,1
62,40,table,table,1
62,80,cup,bowl,0
62,50,bottle,bottle,1
62,20,cup,cup,1
62,50,bowl,bowl,1
62,50,chair,chair,1
62,30,person,person,1
62,80,table,table,1
62,60,piano,piano,1
62,40,person,person,1
62,30,chair,chair,1
62,100,airplane,airplane,1
62,80,airplane,airplane,1
62,50,airplane,airplane,1
62,20,airplane,airplane,1
62,100,stool,stool,1
63,30,stool,stool,1
63,40,piano,table,0
63,30,piano,table,0
63,40,table,table,1
63,80,piano,piano,1
63,50,table,table,1
63,60,chair,chair,1
63,100,person,person,1
63,80,bowl,bowl,1
63,50,chair,chair,1
63,60,stool,lamp,0
63,20,chair,chair,1
63,80,cup,cup,1
63,40,airplane,airplane,1
63,20,cup,cup,1
63,80,lamp,lamp,1
63,100,chair,chair,1
63,50,stool,stool,1
63,50,cup,cup,1
63,40,bowl,bowl,1
63,40,bottle,bottle,1
63,60,lamp,lamp,1
63,30,airplane,airplane,1
63,30,bottle,bottle,1
63,40,person,person,1
63,100,bowl,bowl,1
63,40,chair,chair,1
63,60,table,table,1
63,100,table,table,1
63,30,lamp,lamp,1
63,40,stool,lamp,0
63,20,table,table,1
63,80,stool,stool,1
63,60,airplane,airplane,1
63,20,airplane,airplane,1
63,20,lamp,lamp,1
63,80,person,person,1
63,30,chair,chair,1
63,50,bowl,bowl,1
63,20,bowl,bowl,1
63,50,airplane,airplane,1
63,100,lamp,lamp,1
63,40,cup,cup,1
63,100,stool,stool,1
63,80,airplane,airplane,1
63,60,cup,cup,1
63,100,airplane,airplane,1
63,20,stool,stool,1
63,50,person,person,1
63,30,table,table,1
63,80,bottle,bottle,1
63,80,table,table,1
63,30,bowl,bowl,1
63,30,person,person,1
63,20,piano,table,0
63,60,bowl,bowl,1
63,30,cup,cup,1
63,60,bottle,bottle,1
63,80,chair,chair,1
63,60,piano,piano,1
63,50,piano,piano,1
63,40,lamp,lamp,1
63,60,person,person,1
63,100,cup,cup,1
63,50,bottle,bottle,1
63,50,lamp,lamp,1
63,100,piano,piano,1
63,100,bottle,bottle,1
63,20,bottle,bottle,1
63,20,person,person,1
64,60,person,person,1
64,80,lamp,lamp,1
64,60,piano,chair,0
64,40,bowl,bowl,1
64,60,lamp,lamp,1
64,20,piano,airplane,0
64,20,cup,cup,1
64,30,bowl,bowl,1
64,80,bottle,bottle,1
64,50,chair,chair,1
64,50,lamp,lamp,1
64,100,person,person,1
64,80,cup,cup,1
64,50,airplane,airplane,1
64,40,piano,piano,1
64,50,bottle,bottle,1
64,20,lamp,lamp,1
64,30,table,table,1
64,20,bottle,bottle,1
64,100,bottle,bottle,1
64,30,airplane,airplane,1
64,20,airplane,airplane,1
64,80,table,table,1
64,80,person,person,1
64,40,table,table,1
64,40,person,person,1
64,40,chair,chair,1
64,60,bowl,bowl,1
64,100,chair,chair,1
64,30,bottle,bottle,1
64,60,table,table,1
64,20,bowl,bowl,1
64,50,person,person,1
64,30,person,person,1
64,50,table,table,1
64,80,piano,piano,1
64,80,chair,chair,1
64,100,table,table,1
64,20,chair,chair,1
64,40,lamp,lamp,1
64,30,cup,person,0
64,30,lamp,lamp,1
64,20,table,stool,0
64,100,cup,cup,1
64,60,stool,lamp,0
64,50,bowl,bowl,1
64,60,chair,chair,1
64,100,stool,stool,1
64,40,stool,stool,1
64,80,bowl,bowl,1
64,100,bowl,bowl,1
64,30,stool,stool,1
64,20,person,person,1
64,40,cup,cup,1
64,60,bottle,cup,0
64,80,stool,stool,1
64,100,piano,piano,1
64,50,stool,stool,1
64,60,cup,stool,0
64,50,cup,cup,1
64,50,piano,piano,1
64,30,chair,chair,1
64,40,airplane,airplane,1
64,60,airplane,airplane,1
64,20,stool,stool,1
64,80,airplane,airplane,1
64,100,lamp,lamp,1
64,40,bottle,bottle,1
64,100,airplane,airplane,1
64,30,piano,piano,1
65,20,airplane,airplane,1
65,100,chair,chair,1
65,60,airplane,airplane,1
65,50,bowl,bowl,1
65,100,piano,stool,0
65,50,lamp,lamp,1
65,60,chair,chair,1
65,20,cup,cup,1
65,40,lamp,lamp,1
65,80,bottle,bottle,1
65,30,airplane,airplane,1
65,100,stool,stool,1
65,20,lamp,lamp,1
65,60,bowl,bowl,1
65,100,table,table,1
65,20,table,table,1
65,40,airplane,airplane,1
65,100,airplane,airplane,1
65,100,cup,cup,1
65,30,cup,bottle,0
65,80,stool,stool,1
65,40,chair,chair,1
65,80,table,table,1
65,80,cup,cup,1
65,50,table,table,1
65,80,person,person,1
65,60,cup,cup,1
65,30,person,person,1
65,50,stool,stool,1
65,100,bowl,bowl,1
65,30,chair,chair,1
65,60,person,person,1
65,40,stool,stool,1
65,40,table,table,1
65,20,bowl,bowl,1
65,30,stool,stool,1
65,20,chair,chair,1
65,20,stool,lamp,0
65,50,chair,chair,1
65,40,person,person,1
65,20,bottle,lamp,0
65,30,piano,piano,1
65,30,lamp,lamp,1
65,100,lamp,lamp,1
65,40,piano,piano,1
65,60,bottle,bottle,1
65,20,person,person,1
65,30,bowl,bottle,0
65,60,stool,lamp,0
65,60,lamp,lamp,1
65,50,bottle,bottle,1
65,80,airplane,airplane,1
65,80,lamp,lamp,1
65,40,cup,cup,1
65,80,bowl,bowl,1
65,60,piano,chair,0
65,40,bottle,bottle,1
65,50,person,person,1
65,30,table,table,1
65,30,bottle,bottle,1
65,80,piano,piano,1
65,100,bottle,bottle,1
65,100,person,person,1
65,40,bowl,bowl,1
65,50,cup,bowl,0
65,50,airplane,airplane,1
65,20,piano,piano,1
65,60,table,table,1
65,80,chair,chair,1
65,50,piano,piano,1
69,30,table,table,1
69,40,cup,cup,1
69,50,bottle,bottle,1
69,80,person,person,1
69,40,bowl,bottle,0
69,40,chair,chair,1
69,60,bowl,bowl,1
69,30,stool,stool,1
69,60,cup,cup,1
69,50,bowl,bowl,1
69,30,person,person,1
69,30,bowl,bowl,1
69,20,person,person,1
69,50,airplane,airplane,1
69,100,stool,stool,1
69,20,bowl,bowl,1
69,40,stool,chair,0
69,80,chair,chair,1
69,60,piano,piano,1
69,80,airplane,airplane,1
69,60,table,table,1
69,40,bottle,bottle,1
69,20,stool,stool,1
69,60,person,person,1
69,60,bottle,bottle,1
69,20,chair,chair,1
69,50,table,table,1
69,80,bowl,bowl,1
69,80,cup,cup,1
69,100,airplane,airplane,1
69,60,lamp,lamp,1
69,40,piano,piano,1
69,80,piano,piano,1
69,50,stool,stool,1
69,30,bottle,bottle,1
69,100,person,person,1
69,50,lamp,lamp,1
69,80,bottle,bottle,1
69,50,person,person,1
69,100,table,table,1
69,40,table,table,1
69,100,cup,cup,1
69,40,lamp,lamp,1
69,50,chair,chair,1
69,40,airplane,airplane,1
69,30,piano,piano,1
69,60,stool,stool,1
69,20,bottle,bottle,1
69,100,lamp,lamp,1
69,100,bottle,bottle,1
69,20,table,table,1
69,60,airplane,airplane,1
69,50,cup,cup,1
69,100,piano,piano,1
69,20,piano,piano,1
69,30,airplane,airplane,1
69,100,bowl,bowl,1
69,80,lamp,lamp,1
69,20,lamp,lamp,1
69,80,stool,stool,1
69,30,cup,cup,1
69,60,chair,chair,1
69,40,person,person,1
69,50,piano,piano,1
69,20,cup,cup,1
69,100,chair,chair,1
69,30,lamp,lamp,1
69,30,chair,chair,1
69,20,airplane,airplane,1
69,80,table,table,1
70,100,airplane,airplane,1
70,60,airplane,airplane,1
70,20,stool,bottle,0
70,100,bottle,bottle,1
70,80,person,person,1
70,40,chair,chair,1
70,50,airplane,airplane,1
70,50,table,stool,0
70,80,chair,stool,0
70,60,cup,cup,1
70,60,lamp,lamp,1
70,50,chair,chair,1
70,30,airplane,airplane,1
70,40,airplane,airplane,1
70,30,piano,stool,0
70,60,person,person,1
70,30,stool,stool,1
70,80,airplane,airplane,1
70,80,cup,cup,1
70,100,stool,stool,1
70,80,lamp,lamp,1
70,80,stool,stool,1
70,60,chair,chair,1
70,20,chair,chair,1
70,20,piano,table,0
70,30,lamp,lamp,1
70,40,lamp,lamp,1
70,100,chair,chair,1
70,40,table,table,1
70,50,stool,stool,1
70,30,person,person,1
70,30,bottle,bottle,1
70,60,table,table,1
70,50,bottle,bottle,1
70,80,piano,piano,1
70,40,cup,cup,1
70,60,piano,piano,1
70,20,cup,cup,1
70,50,cup,cup,1
70,40,bottle,bottle,1
70,20,person,person,1
70,50,lamp,lamp,1
70,30,table,table,1
70,60,bottle,bottle,1
70,100,person,person,1
70,40,stool,lamp,0
70,30,bowl,bowl,1
70,100,cup,cup,1
70,20,bottle,bottle,1
70,80,bowl,cup,0
70,20,lamp,lamp,1
70,60,stool,lamp,0
70,30,chair,chair,1
70,100,bowl,bowl,1
70,50,piano,piano,1
70,40,person,person,1
70,30,cup,cup,1
70,50,bowl,bowl,1
70,60,bowl,chair,0
70,40,piano,piano,1
70,80,bottle,bottle,1
70,20,airplane,airplane,1
70,40,bowl,bowl,1
70,20,bowl,bowl,1
70,80,table,table,1
70,100,piano,piano,1
70,50,person,person,1
70,100,lamp,lamp,1
70,100,table,table,1
70,20,table,table,1
71,100,table,table,1
71,40,table,table,1
71,50,bowl,bowl,1
71,20,piano,chair,0
71,100,stool,stool,1
71,50,cup,cup,1
71,80,piano,piano,1
71,40,cup,cup,1
71,100,piano,piano,1
71,20,bottle,bottle,1
71,100,bottle,bottle,1
71,80,chair,chair,1
71,40,bowl,bowl,1
71,20,lamp,lamp,1
71,60,cup,cup,1
71,100,person,person,1
71,40,airplane,airplane,1
71,100,chair,chair,1
71,50,table,table,1
71,20,airplane,airplane,1
71,40,piano,piano,1
71,100,airplane,airplane,1
71,60,person,person,1
71,80,table,table,1
71,20,stool,lamp,0
71,30,airplane,airplane,1
71,40,lamp,lamp,1
71,30,stool,stool,1
71,40,stool,lamp,0
71,100,lamp,lamp,1
71,80,person,person,1
71,30,chair,chair,1
71,80,stool,stool,1
71,30,cup,cup,1
71,30,lamp,lamp,1
71,40,chair,chair,1
71,100,bowl,bowl,1
71,60,bottle,bottle,1
71,50,person,person,1
71,20,bowl,bowl,1
71,50,lamp,lamp,1
71,80,lamp,lamp,1
71,30,bowl,bowl,1
71,80,bottle,bottle,1
71,30,bottle,bottle,1
71,60,bowl,bowl,1
71,50,bottle,bottle,1
71,50,piano,piano,1
71,80,airplane,airplane,1
71,40,person,person,1
71,100,cup,cup,1
71,30,table,table,1
71,50,chair,chair,1
71,80,cup,cup,1
71,20,table,table,1
71,60,chair,chair,1
71,60,piano,piano,1
71,30,person,person,1
71,60,stool,lamp,0
71,50,airplane,airplane,1
71,80,bowl,cup,0
71,20,cup,cup,1
71,30,piano,piano,1
71,60,table,table,1
71,40,bottle,bottle,1
71,60,airplane,airplane,1
71,20,chair,chair,1
71,60,lamp,lamp,1
71,50,stool,stool,1
71,20,person,person,1